{"v":"5.6.10","fr":30,"ip":0,"op":99,"w":130,"h":355,"nm":"plant3","ddd":0,"assets":[{"id":"comp_0","layers":[{"ddd":0,"ind":1,"ty":4,"nm":"Group 1","sr":1,"ks":{"o":{"a":0,"k":100,"ix":11},"r":{"a":0,"k":0,"ix":10},"p":{"a":0,"k":[120.364,344.031,0],"ix":2},"a":{"a":0,"k":[-2.088,64.879,0],"ix":1},"s":{"a":0,"k":[222,222,100],"ix":6}},"ao":0,"shapes":[{"ty":"gr","it":[{"ind":0,"ty":"sh","ix":1,"ks":{"a":0,"k":{"i":[[-0.7,0.338],[0.128,-0.053],[0.135,-0.068],[0.58,-0.077],[0.889,0.29],[0.731,1.017],[0.046,0.734],[-0.18,0.373],[-0.347,0.226],[-0.442,-0.036],[-0.36,-0.26],[-0.176,-0.91],[0.067,-0.931],[0.349,-0.91],[0.772,-0.673],[1.065,-0.075],[0.896,0.59],[0.635,0.799],[0.095,0.996],[-0.185,0.452],[-0.369,0.32],[-0.471,0.029],[-0.41,-0.233],[-0.262,-0.348],[-0.081,-0.428],[0.321,-0.685],[0.647,-0.394],[1.228,0.26],[0.797,0.476],[0.458,0.359],[0.141,0.148],[-0.162,-0.123],[-0.695,-0.355],[-0.891,-0.165],[-1.045,0.578],[-0.296,0.626],[0.094,0.687],[0.237,0.303],[0.347,0.166],[0.403,-0.024],[0.322,-0.244],[0.157,-0.393],[-0.033,-0.422],[-0.594,-0.698],[-0.817,-0.517],[-0.979,0.009],[-0.732,0.652],[-0.346,0.893],[-0.054,0.932],[0.181,0.874],[0.67,0.496],[0.377,0.037],[0.341,-0.164],[0.153,-0.319],[-0.035,-0.352],[-0.37,-0.573],[-1.132,-0.381],[-0.899,0.089]],"o":[[0,0],[-0.127,0.083],[-0.527,0.254],[-0.927,0.121],[-1.193,-0.382],[-0.409,-0.611],[-0.039,-0.412],[0.18,-0.373],[0.397,-0.198],[0.442,0.036],[0.747,0.548],[0.192,0.914],[-0.057,0.973],[-0.37,0.955],[-0.803,0.704],[-1.072,0.024],[-0.865,-0.541],[-0.643,-0.767],[-0.038,-0.486],[0.185,-0.451],[0.378,-0.282],[0.471,-0.03],[0.389,0.197],[0.262,0.349],[0.112,0.749],[-0.321,0.686],[-1.104,0.597],[-0.909,-0.19],[-0.503,-0.294],[-0.17,-0.113],[0.18,0.094],[0.333,0.219],[0.79,0.445],[1.172,0.226],[0.591,-0.363],[0.297,-0.627],[-0.078,-0.377],[-0.237,-0.303],[-0.349,-0.203],[-0.404,0.024],[-0.315,0.283],[-0.157,0.393],[0.095,0.912],[0.599,0.758],[0.819,0.536],[0.978,-0.069],[0.726,-0.626],[0.336,-0.871],[0.071,-0.89],[-0.151,-0.82],[-0.303,-0.228],[-0.377,-0.038],[-0.297,0.193],[-0.153,0.318],[0.036,0.68],[0.685,0.978],[0.853,0.299],[0.771,-0.098]],"v":[[7.805,64.885],[7.676,64.976],[7.283,65.202],[5.613,65.701],[2.854,65.444],[-0.108,63.29],[-0.803,61.235],[-0.589,60.034],[0.217,59.119],[1.5,58.871],[2.726,59.323],[4.162,61.59],[4.351,64.371],[3.739,67.213],[2,69.692],[-0.879,70.893],[-3.902,70.024],[-6.169,67.999],[-7.303,65.293],[-7.08,63.866],[-6.237,62.693],[-4.936,62.215],[-3.585,62.527],[-2.595,63.356],[-2.073,64.537],[-2.395,66.737],[-3.879,68.392],[-7.492,68.913],[-10.069,67.908],[-11.512,66.926],[-11.981,66.533],[-11.467,66.858],[-9.956,67.764],[-7.416,68.686],[-3.985,68.142],[-2.626,66.626],[-2.315,64.613],[-2.795,63.58],[-3.683,62.867],[-4.837,62.592],[-5.95,63.003],[-6.668,64.031],[-6.857,65.27],[-5.799,67.742],[-3.66,69.669],[-0.902,70.478],[1.736,69.367],[3.368,67.054],[3.958,64.333],[3.792,61.673],[2.514,59.625],[1.475,59.219],[0.376,59.413],[-0.312,60.195],[-0.493,61.22],[0.126,63.132],[2.922,65.225],[5.583,65.543]],"c":true},"ix":2},"nm":"Path 1","mn":"ADBE Vector Shape - Group","hd":false},{"ty":"fl","c":{"a":0,"k":[1,1,1,1],"ix":4},"o":{"a":0,"k":100,"ix":5},"r":1,"bm":0,"nm":"Fill 1","mn":"ADBE Vector Graphic - Fill","hd":false},{"ty":"tr","p":{"a":0,"k":[0,0],"ix":2},"a":{"a":0,"k":[0,0],"ix":1},"s":{"a":0,"k":[100,100],"ix":3},"r":{"a":0,"k":0,"ix":6},"o":{"a":0,"k":100,"ix":7},"sk":{"a":0,"k":0,"ix":4},"sa":{"a":0,"k":0,"ix":5},"nm":"Transform"}],"nm":"Group 1","np":2,"cix":2,"bm":0,"ix":1,"mn":"ADBE Vector Group","hd":false}],"ip":0,"op":21,"st":0,"bm":0},{"ddd":0,"ind":2,"ty":4,"nm":"Group 2","sr":1,"ks":{"o":{"a":0,"k":100,"ix":11},"r":{"a":0,"k":0,"ix":10},"p":{"a":0,"k":[120.834,350.286,0],"ix":2},"a":{"a":0,"k":[-1.877,67.697,0],"ix":1},"s":{"a":0,"k":[222,222,100],"ix":6}},"ao":0,"shapes":[{"ty":"gr","it":[{"ind":0,"ty":"sh","ix":1,"ks":{"a":0,"k":{"i":[[0,0],[0,0],[0,0],[0,0]],"o":[[0,0],[0,0],[0,0],[0,0]],"v":[[-13.765,55.393],[-10.016,80],[4.97,79.97],[10.011,55.393]],"c":true},"ix":2},"nm":"Path 1","mn":"ADBE Vector Shape - Group","hd":false},{"ty":"fl","c":{"a":0,"k":[0.066666670144,0.29411765933,0.372549027205,1],"ix":4},"o":{"a":0,"k":100,"ix":5},"r":1,"bm":0,"nm":"Fill 1","mn":"ADBE Vector Graphic - Fill","hd":false},{"ty":"tr","p":{"a":0,"k":[0,0],"ix":2},"a":{"a":0,"k":[0,0],"ix":1},"s":{"a":0,"k":[100,100],"ix":3},"r":{"a":0,"k":0,"ix":6},"o":{"a":0,"k":100,"ix":7},"sk":{"a":0,"k":0,"ix":4},"sa":{"a":0,"k":0,"ix":5},"nm":"Transform"}],"nm":"Group 2","np":2,"cix":2,"bm":0,"ix":1,"mn":"ADBE Vector Group","hd":false}],"ip":0,"op":21,"st":0,"bm":0},{"ddd":0,"ind":3,"ty":4,"nm":"Group 3 :M :M","sr":1,"ks":{"o":{"a":0,"k":100,"ix":11},"r":{"a":1,"k":[{"i":{"x":[0.667],"y":[1]},"o":{"x":[0.333],"y":[0]},"t":-1,"s":[0]},{"i":{"x":[0.667],"y":[1]},"o":{"x":[0.333],"y":[0]},"t":9,"s":[-6.7]},{"i":{"x":[0.667],"y":[1]},"o":{"x":[0.333],"y":[0]},"t":19,"s":[0]},{"i":{"x":[0.667],"y":[1]},"o":{"x":[0.333],"y":[0]},"t":29,"s":[-6.7]},{"t":39,"s":[0]}],"ix":10},"p":{"a":1,"k":[{"i":{"x":0.667,"y":1},"o":{"x":0.333,"y":0},"t":-13,"s":[125.504,269.704,0],"to":[0.917,0,0],"ti":[0,0,0]},{"i":{"x":0.667,"y":1},"o":{"x":0.333,"y":0},"t":-3,"s":[131.004,269.704,0],"to":[0,0,0],"ti":[0,0,0]},{"i":{"x":0.667,"y":1},"o":{"x":0.333,"y":0},"t":7,"s":[125.504,269.704,0],"to":[0,0,0],"ti":[0,0,0]},{"i":{"x":0.667,"y":1},"o":{"x":0.333,"y":0},"t":17,"s":[131.004,269.704,0],"to":[0,0,0],"ti":[0,0,0]},{"i":{"x":0.667,"y":1},"o":{"x":0.333,"y":0},"t":27,"s":[125.504,269.704,0],"to":[0,0,0],"ti":[0,0,0]},{"i":{"x":0.667,"y":1},"o":{"x":0.333,"y":0},"t":37,"s":[131.004,269.704,0],"to":[0,0,0],"ti":[0.917,0,0]},{"t":47,"s":[125.504,269.704,0]}],"ix":2},"a":{"a":0,"k":[128.804,269.704,0],"ix":1},"s":{"a":0,"k":[100,100,100],"ix":6}},"ao":0,"shapes":[{"ty":"gr","it":[{"ty":"gr","it":[{"ty":"gr","it":[{"ind":0,"ty":"sh","ix":1,"ks":{"a":0,"k":{"i":[[-0.701,0.354],[0.641,-0.452],[1.806,-1.277],[1.239,-0.748],[0.735,-0.282],[-0.67,0.406],[0,0],[0,0]],"o":[[-0.529,0.578],[-1.134,0.907],[-1.806,1.278],[-0.646,0.451],[0.587,-0.52],[0,0],[0,0],[0.615,-0.489]],"v":[[14.856,22.208],[13.095,23.757],[8.56,27.15],[3.86,30.294],[1.781,31.398],[3.671,30.007],[8.273,26.75],[12.876,23.477]],"c":true},"ix":2},"nm":"Path 1","mn":"ADBE Vector Shape - Group","hd":false},{"ty":"fl","c":{"a":0,"k":[0.149019613862,0.196078434587,0.219607844949,1],"ix":4},"o":{"a":0,"k":100,"ix":5},"r":1,"bm":0,"nm":"Fill 1","mn":"ADBE Vector Graphic - Fill","hd":false},{"ty":"tr","p":{"a":0,"k":[0,0],"ix":2},"a":{"a":0,"k":[0,0],"ix":1},"s":{"a":0,"k":[100,100],"ix":3},"r":{"a":0,"k":0,"ix":6},"o":{"a":0,"k":100,"ix":7},"sk":{"a":0,"k":0,"ix":4},"sa":{"a":0,"k":0,"ix":5},"nm":"Transform"}],"nm":"Group 3","np":2,"cix":2,"bm":0,"ix":1,"mn":"ADBE Vector Group","hd":false},{"ty":"tr","p":{"a":0,"k":[143.467,259.503],"ix":2},"a":{"a":0,"k":[8.318,26.803],"ix":1},"s":{"a":0,"k":[222,222],"ix":3},"r":{"a":0,"k":0,"ix":6},"o":{"a":0,"k":100,"ix":7},"sk":{"a":0,"k":0,"ix":4},"sa":{"a":0,"k":0,"ix":5},"nm":"Transform"}],"nm":"Group 3","np":1,"cix":2,"bm":0,"ix":1,"mn":"ADBE Vector Group","hd":false},{"ty":"tr","p":{"a":0,"k":[147.243,256.052],"ix":2},"a":{"a":0,"k":[147.243,256.052],"ix":1},"s":{"a":0,"k":[100,100],"ix":3},"r":{"a":0,"k":0,"ix":6},"o":{"a":0,"k":100,"ix":7},"sk":{"a":0,"k":0,"ix":4},"sa":{"a":0,"k":0,"ix":5},"nm":"Transform"}],"nm":"Group 3 :M","np":1,"cix":2,"bm":0,"ix":1,"mn":"ADBE Vector Group","hd":false},{"ty":"gr","it":[{"ty":"gr","it":[{"ind":0,"ty":"sh","ix":1,"ks":{"a":0,"k":{"i":[[8.102,-9.311],[-3.507,9.62],[0.015,0.081],[0.055,0.06],[0.079,0.022],[0.079,-0.023]],"o":[[0,0],[0.03,-0.076],[-0.015,-0.081],[-0.055,-0.061],[-0.079,-0.022],[-2.04,0.544]],"v":[[1.713,31.36],[18.294,19.699],[18.318,19.459],[18.211,19.243],[18.006,19.116],[17.766,19.117]],"c":true},"ix":2},"nm":"Path 1","mn":"ADBE Vector Shape - Group","hd":false},{"ty":"fl","c":{"a":0,"k":[0.101960785687,0.57647061348,0.435294121504,1],"ix":4},"o":{"a":0,"k":100,"ix":5},"r":1,"bm":0,"nm":"Fill 1","mn":"ADBE Vector Graphic - Fill","hd":false},{"ty":"tr","p":{"a":0,"k":[0,0],"ix":2},"a":{"a":0,"k":[0,0],"ix":1},"s":{"a":0,"k":[100,100],"ix":3},"r":{"a":0,"k":0,"ix":6},"o":{"a":0,"k":100,"ix":7},"sk":{"a":0,"k":0,"ix":4},"sa":{"a":0,"k":0,"ix":5},"nm":"Transform"}],"nm":"Group 5","np":2,"cix":2,"bm":0,"ix":1,"mn":"ADBE Vector Group","hd":false},{"ty":"tr","p":{"a":0,"k":[147.243,256.01],"ix":2},"a":{"a":0,"k":[10.019,25.23],"ix":1},"s":{"a":0,"k":[222,222],"ix":3},"r":{"a":0,"k":0,"ix":6},"o":{"a":0,"k":100,"ix":7},"sk":{"a":0,"k":0,"ix":4},"sa":{"a":0,"k":0,"ix":5},"nm":"Transform"}],"nm":"Group 5","np":1,"cix":2,"bm":0,"ix":2,"mn":"ADBE Vector Group","hd":false}],"ip":0,"op":21,"st":0,"bm":0},{"ddd":0,"ind":4,"ty":4,"nm":"Group 6 :M","sr":1,"ks":{"o":{"a":0,"k":100,"ix":11},"r":{"a":1,"k":[{"i":{"x":[0.667],"y":[1]},"o":{"x":[0.333],"y":[0]},"t":-8,"s":[0]},{"i":{"x":[0.667],"y":[1]},"o":{"x":[0.333],"y":[0]},"t":2,"s":[2.2]},{"i":{"x":[0.667],"y":[1]},"o":{"x":[0.333],"y":[0]},"t":12,"s":[0]},{"i":{"x":[0.667],"y":[1]},"o":{"x":[0.333],"y":[0]},"t":22,"s":[2.2]},{"t":32,"s":[0]}],"ix":10},"p":{"a":1,"k":[{"i":{"x":0.667,"y":1},"o":{"x":0.333,"y":0},"t":-12,"s":[159.068,198.784,0],"to":[0.917,0,0],"ti":[0.167,0,0]},{"i":{"x":0.667,"y":1},"o":{"x":0.333,"y":0},"t":-2,"s":[164.568,198.784,0],"to":[-0.167,0,0],"ti":[0,0,0]},{"i":{"x":0.667,"y":1},"o":{"x":0.333,"y":0},"t":8,"s":[158.068,198.784,0],"to":[0,0,0],"ti":[0,0,0]},{"i":{"x":0.667,"y":1},"o":{"x":0.333,"y":0},"t":18,"s":[164.568,198.784,0],"to":[0,0,0],"ti":[0,0,0]},{"i":{"x":0.667,"y":1},"o":{"x":0.333,"y":0},"t":28,"s":[158.068,198.784,0],"to":[0,0,0],"ti":[0,0,0]},{"i":{"x":0.667,"y":1},"o":{"x":0.333,"y":0},"t":38,"s":[164.568,198.784,0],"to":[0,0,0],"ti":[1.083,0,0]},{"t":48,"s":[158.068,198.784,0]}],"ix":2},"a":{"a":0,"k":[168.366,198.784,0],"ix":1},"s":{"a":0,"k":[100,100,100],"ix":6}},"ao":0,"shapes":[{"ty":"gr","it":[{"ty":"gr","it":[{"ty":"gr","it":[{"ind":0,"ty":"sh","ix":1,"ks":{"a":0,"k":{"i":[[-0.47,0.625],[0.379,-0.685],[1.05,-1.942],[0.778,-1.224],[0.532,-0.578],[-0.422,0.66],[0,0],[0,0]],"o":[[-0.218,0.752],[-0.62,1.315],[-1.051,1.942],[-0.382,0.687],[0.292,-0.727],[0,0],[0,0],[0.335,-0.707]],"v":[[27.318,-14.552],[26.419,-12.391],[23.857,-7.35],[21.015,-2.452],[19.64,-0.548],[20.713,-2.634],[23.418,-7.584],[26.109,-12.549]],"c":true},"ix":2},"nm":"Path 1","mn":"ADBE Vector Shape - Group","hd":false},{"ty":"fl","c":{"a":0,"k":[0.149019613862,0.196078434587,0.219607844949,1],"ix":4},"o":{"a":0,"k":100,"ix":5},"r":1,"bm":0,"nm":"Fill 1","mn":"ADBE Vector Graphic - Fill","hd":false},{"ty":"tr","p":{"a":0,"k":[0,0],"ix":2},"a":{"a":0,"k":[0,0],"ix":1},"s":{"a":0,"k":[100,100],"ix":3},"r":{"a":0,"k":0,"ix":6},"o":{"a":0,"k":100,"ix":7},"sk":{"a":0,"k":0,"ix":4},"sa":{"a":0,"k":0,"ix":5},"nm":"Transform"}],"nm":"Group 6","np":2,"cix":2,"bm":0,"ix":1,"mn":"ADBE Vector Group","hd":false},{"ty":"tr","p":{"a":0,"k":[177.123,183.239],"ix":2},"a":{"a":0,"k":[23.479,-7.55],"ix":1},"s":{"a":0,"k":[222,222],"ix":3},"r":{"a":0,"k":0,"ix":6},"o":{"a":0,"k":100,"ix":7},"sk":{"a":0,"k":0,"ix":4},"sa":{"a":0,"k":0,"ix":5},"nm":"Transform"}],"nm":"Group 6","np":1,"cix":2,"bm":0,"ix":1,"mn":"ADBE Vector Group","hd":false},{"ty":"tr","p":{"a":0,"k":[177.123,183.239],"ix":2},"a":{"a":0,"k":[177.123,183.239],"ix":1},"s":{"a":0,"k":[100,100],"ix":3},"r":{"a":0,"k":0,"ix":6},"o":{"a":0,"k":100,"ix":7},"sk":{"a":0,"k":0,"ix":4},"sa":{"a":0,"k":0,"ix":5},"nm":"Transform"}],"nm":"Group 6","np":1,"cix":2,"bm":0,"ix":1,"mn":"ADBE Vector Group","hd":false},{"ty":"gr","it":[{"ty":"gr","it":[{"ind":0,"ty":"sh","ix":1,"ks":{"a":0,"k":{"i":[[3.189,-11.888],[1.096,10.218],[0.051,0.069],[0.081,0.03],[0.084,-0.02],[0.059,-0.062]],"o":[[0,0],[-0.004,-0.086],[-0.051,-0.069],[-0.081,-0.03],[-0.083,0.019],[-1.549,1.421]],"v":[[19.534,-0.586],[29.283,-18.361],[29.199,-18.598],[28.998,-18.75],[28.746,-18.766],[28.528,-18.641]],"c":true},"ix":2},"nm":"Path 1","mn":"ADBE Vector Shape - Group","hd":false},{"ty":"fl","c":{"a":0,"k":[0.101960785687,0.57647061348,0.435294121504,1],"ix":4},"o":{"a":0,"k":100,"ix":5},"r":1,"bm":0,"nm":"Fill 1","mn":"ADBE Vector Graphic - Fill","hd":false},{"ty":"tr","p":{"a":0,"k":[0,0],"ix":2},"a":{"a":0,"k":[0,0],"ix":1},"s":{"a":0,"k":[100,100],"ix":3},"r":{"a":0,"k":0,"ix":6},"o":{"a":0,"k":100,"ix":7},"sk":{"a":0,"k":0,"ix":4},"sa":{"a":0,"k":0,"ix":5},"nm":"Transform"}],"nm":"Group 8","np":2,"cix":2,"bm":0,"ix":1,"mn":"ADBE Vector Group","hd":false},{"ty":"tr","p":{"a":0,"k":[179.274,178.507],"ix":2},"a":{"a":0,"k":[24.448,-9.681],"ix":1},"s":{"a":0,"k":[222,222],"ix":3},"r":{"a":0,"k":0,"ix":6},"o":{"a":0,"k":100,"ix":7},"sk":{"a":0,"k":0,"ix":4},"sa":{"a":0,"k":0,"ix":5},"nm":"Transform"}],"nm":"Group 8","np":1,"cix":2,"bm":0,"ix":2,"mn":"ADBE Vector Group","hd":false}],"ip":0,"op":21,"st":0,"bm":0},{"ddd":0,"ind":5,"ty":4,"nm":"Group 10 :M","sr":1,"ks":{"o":{"a":0,"k":100,"ix":11},"r":{"a":1,"k":[{"i":{"x":[0.667],"y":[1]},"o":{"x":[0.333],"y":[0]},"t":-3,"s":[0]},{"i":{"x":[0.667],"y":[1]},"o":{"x":[0.333],"y":[0]},"t":7,"s":[-3]},{"i":{"x":[0.667],"y":[1]},"o":{"x":[0.333],"y":[0]},"t":17,"s":[0]},{"i":{"x":[0.667],"y":[1]},"o":{"x":[0.333],"y":[0]},"t":27,"s":[-3]},{"t":37,"s":[0]}],"ix":10},"p":{"a":0,"k":[116.503,297.252,0],"ix":2},"a":{"a":0,"k":[116.003,297.252,0],"ix":1},"s":{"a":0,"k":[100,100,100],"ix":6}},"ao":0,"shapes":[{"ty":"gr","it":[{"ty":"gr","it":[{"ind":0,"ty":"sh","ix":1,"ks":{"a":0,"k":{"i":[[0.002,0.782],[-0.111,-0.776],[-0.333,-2.176],[-0.113,-1.443],[0.077,-0.783],[0.059,0.779],[0.31,2.086],[0.242,1.61]],"o":[[0.281,0.731],[0.295,1.413],[0.333,2.177],[0.112,0.779],[-0.208,-0.754],[-0.234,-1.61],[-0.31,-2.086],[-0.159,-0.766]],"v":[[-4.877,27.967],[-4.288,30.234],[-3.297,35.796],[-2.61,41.411],[-2.557,43.762],[-2.957,41.457],[-3.789,35.872],[-4.635,30.294]],"c":true},"ix":2},"nm":"Path 1","mn":"ADBE Vector Shape - Group","hd":false},{"ty":"fl","c":{"a":0,"k":[0.149019613862,0.196078434587,0.219607844949,1],"ix":4},"o":{"a":0,"k":100,"ix":5},"r":1,"bm":0,"nm":"Fill 1","mn":"ADBE Vector Graphic - Fill","hd":false},{"ty":"tr","p":{"a":0,"k":[0,0],"ix":2},"a":{"a":0,"k":[0,0],"ix":1},"s":{"a":0,"k":[100,100],"ix":3},"r":{"a":0,"k":0,"ix":6},"o":{"a":0,"k":100,"ix":7},"sk":{"a":0,"k":0,"ix":4},"sa":{"a":0,"k":0,"ix":5},"nm":"Transform"}],"nm":"Group 10","np":2,"cix":2,"bm":0,"ix":1,"mn":"ADBE Vector Group","hd":false},{"ty":"tr","p":{"a":0,"k":[116.801,279.619],"ix":2},"a":{"a":0,"k":[-3.693,35.864],"ix":1},"s":{"a":0,"k":[222,222],"ix":3},"r":{"a":0,"k":0,"ix":6},"o":{"a":0,"k":100,"ix":7},"sk":{"a":0,"k":0,"ix":4},"sa":{"a":0,"k":0,"ix":5},"nm":"Transform"}],"nm":"Group 110","np":1,"cix":2,"bm":0,"ix":1,"mn":"ADBE Vector Group","hd":false},{"ty":"gr","it":[{"ty":"gr","it":[{"ind":0,"ty":"sh","ix":1,"ks":{"a":0,"k":{"i":[[-4.648,-11.412],[7.021,7.467],[0.078,0.023],[0.079,-0.022],[0.055,-0.06],[0.015,-0.08]],"o":[[0,0],[-0.055,-0.06],[-0.078,-0.022],[-0.079,0.022],[-0.055,0.06],[-0.393,2.109]],"v":[[-2.663,43.807],[-5.61,23.749],[-5.813,23.622],[-6.053,23.621],[-6.258,23.747],[-6.366,23.961]],"c":true},"ix":2},"nm":"Path 1","mn":"ADBE Vector Shape - Group","hd":false},{"ty":"fl","c":{"a":0,"k":[0.101960785687,0.57647061348,0.435294121504,1],"ix":4},"o":{"a":0,"k":100,"ix":5},"r":1,"bm":0,"nm":"Fill 1","mn":"ADBE Vector Graphic - Fill","hd":false},{"ty":"tr","p":{"a":0,"k":[0,0],"ix":2},"a":{"a":0,"k":[0,0],"ix":1},"s":{"a":0,"k":[100,100],"ix":3},"r":{"a":0,"k":0,"ix":6},"o":{"a":0,"k":100,"ix":7},"sk":{"a":0,"k":0,"ix":4},"sa":{"a":0,"k":0,"ix":5},"nm":"Transform"}],"nm":"Group 11","np":2,"cix":2,"bm":0,"ix":1,"mn":"ADBE Vector Group","hd":false},{"ty":"tr","p":{"a":0,"k":[116.003,274.827],"ix":2},"a":{"a":0,"k":[-4.053,33.706],"ix":1},"s":{"a":0,"k":[222,222],"ix":3},"r":{"a":0,"k":0,"ix":6},"o":{"a":0,"k":100,"ix":7},"sk":{"a":0,"k":0,"ix":4},"sa":{"a":0,"k":0,"ix":5},"nm":"Transform"}],"nm":"Group 111","np":1,"cix":2,"bm":0,"ix":2,"mn":"ADBE Vector Group","hd":false}],"ip":0,"op":21,"st":0,"bm":0},{"ddd":0,"ind":6,"ty":4,"nm":"Group 224","sr":1,"ks":{"o":{"a":0,"k":100,"ix":11},"r":{"a":1,"k":[{"i":{"x":[0.667],"y":[1]},"o":{"x":[0.333],"y":[0]},"t":0,"s":[-23]},{"i":{"x":[0.667],"y":[1]},"o":{"x":[0.333],"y":[0]},"t":10,"s":[-31.4]},{"i":{"x":[0.667],"y":[1]},"o":{"x":[0.333],"y":[0]},"t":20,"s":[-23]},{"i":{"x":[0.667],"y":[1]},"o":{"x":[0.333],"y":[0]},"t":30,"s":[-31.4]},{"t":40,"s":[-23]}],"ix":10},"p":{"a":1,"k":[{"i":{"x":0.667,"y":1},"o":{"x":0.333,"y":0},"t":-13,"s":[149.026,230.269,0],"to":[0.917,0,0],"ti":[0.583,0,0]},{"i":{"x":0.667,"y":1},"o":{"x":0.333,"y":0},"t":-3,"s":[154.526,230.269,0],"to":[-0.583,0,0],"ti":[0,0,0]},{"i":{"x":0.667,"y":1},"o":{"x":0.333,"y":0},"t":7,"s":[145.526,230.269,0],"to":[0,0,0],"ti":[0,0,0]},{"i":{"x":0.667,"y":1},"o":{"x":0.333,"y":0},"t":17,"s":[154.526,230.269,0],"to":[0,0,0],"ti":[0,0,0]},{"i":{"x":0.667,"y":1},"o":{"x":0.333,"y":0},"t":27,"s":[145.526,230.269,0],"to":[0,0,0],"ti":[0,0,0]},{"i":{"x":0.667,"y":1},"o":{"x":0.333,"y":0},"t":37,"s":[154.526,230.269,0],"to":[0,0,0],"ti":[1.5,0,0]},{"t":47,"s":[145.526,230.269,0]}],"ix":2},"a":{"a":0,"k":[102.932,237.238,0],"ix":1},"s":{"a":0,"k":[100,100,100],"ix":6}},"ao":0,"shapes":[{"ty":"gr","it":[{"ty":"gr","it":[{"ind":0,"ty":"sh","ix":1,"ks":{"a":0,"k":{"i":[[-0.424,0.661],[0.313,-0.73],[0,0],[0.559,-1.511],[0.347,-0.699],[-0.265,0.732],[-0.763,2.071],[-0.574,1.36]],"o":[[-0.16,0.778],[0,0],[-0.756,1.98],[-0.216,0.75],[0.077,-0.774],[0.4,-1.391],[0.763,-2.071],[0.264,-0.74]],"v":[[-4.507,1.75],[-5.217,4.017],[-7.159,9.307],[-9.094,14.597],[-9.94,16.774],[-9.426,14.507],[-7.628,9.148],[-5.542,3.858]],"c":true},"ix":2},"nm":"Path 1","mn":"ADBE Vector Shape - Group","hd":false},{"ty":"fl","c":{"a":0,"k":[0.149019613862,0.196078434587,0.219607844949,1],"ix":4},"o":{"a":0,"k":100,"ix":5},"r":1,"bm":0,"nm":"Fill 1","mn":"ADBE Vector Graphic - Fill","hd":false},{"ty":"tr","p":{"a":0,"k":[0,0],"ix":2},"a":{"a":0,"k":[0,0],"ix":1},"s":{"a":0,"k":[100,100],"ix":3},"r":{"a":0,"k":0,"ix":6},"o":{"a":0,"k":100,"ix":7},"sk":{"a":0,"k":0,"ix":4},"sa":{"a":0,"k":0,"ix":5},"nm":"Transform"}],"nm":"Group 24","np":2,"cix":2,"bm":0,"ix":1,"mn":"ADBE Vector Group","hd":false},{"ty":"tr","p":{"a":0,"k":[108.964,220.561],"ix":2},"a":{"a":0,"k":[-7.223,9.262],"ix":1},"s":{"a":0,"k":[222,222],"ix":3},"r":{"a":0,"k":0,"ix":6},"o":{"a":0,"k":100,"ix":7},"sk":{"a":0,"k":0,"ix":4},"sa":{"a":0,"k":0,"ix":5},"nm":"Transform"}],"nm":"Group 224","np":1,"cix":2,"bm":0,"ix":1,"mn":"ADBE Vector Group","hd":false}],"ip":0,"op":21,"st":0,"bm":0},{"ddd":0,"ind":7,"ty":4,"nm":"Group 12","sr":1,"ks":{"o":{"a":0,"k":100,"ix":11},"r":{"a":1,"k":[{"i":{"x":[0.667],"y":[1]},"o":{"x":[0.333],"y":[0]},"t":0,"s":[0]},{"i":{"x":[0.667],"y":[1]},"o":{"x":[0.333],"y":[0]},"t":10,"s":[-8.4]},{"i":{"x":[0.667],"y":[1]},"o":{"x":[0.333],"y":[0]},"t":20,"s":[0]},{"i":{"x":[0.667],"y":[1]},"o":{"x":[0.333],"y":[0]},"t":30,"s":[-8.4]},{"t":40,"s":[0]}],"ix":10},"p":{"a":1,"k":[{"i":{"x":0.667,"y":1},"o":{"x":0.333,"y":0},"t":-13,"s":[148.026,231.869,0],"to":[0.917,0,0],"ti":[0.583,0,0]},{"i":{"x":0.667,"y":1},"o":{"x":0.333,"y":0},"t":-3,"s":[153.526,231.869,0],"to":[-0.583,0,0],"ti":[0,0,0]},{"i":{"x":0.667,"y":1},"o":{"x":0.333,"y":0},"t":7,"s":[144.526,231.869,0],"to":[0,0,0],"ti":[0,0,0]},{"i":{"x":0.667,"y":1},"o":{"x":0.333,"y":0},"t":17,"s":[153.526,231.869,0],"to":[0,0,0],"ti":[0,0,0]},{"i":{"x":0.667,"y":1},"o":{"x":0.333,"y":0},"t":27,"s":[144.526,231.869,0],"to":[0,0,0],"ti":[0,0,0]},{"i":{"x":0.667,"y":1},"o":{"x":0.333,"y":0},"t":37,"s":[153.526,231.869,0],"to":[0,0,0],"ti":[1.5,0,0]},{"t":47,"s":[144.526,231.869,0]}],"ix":2},"a":{"a":0,"k":[12.714,14.355,0],"ix":1},"s":{"a":0,"k":[222,222,100],"ix":6}},"ao":0,"shapes":[{"ty":"gr","it":[{"ind":0,"ty":"sh","ix":1,"ks":{"a":0,"k":{"i":[[-3.718,-11.714],[6.386,8.011],[0.075,0.026],[0.077,-0.016],[0.059,-0.053],[0.023,-0.075]],"o":[[0,0],[-0.051,-0.061],[-0.074,-0.026],[-0.077,0.016],[-0.059,0.053],[-0.605,2.041]],"v":[[13.095,14.355],[11.788,-5.876],[11.597,-6.009],[11.365,-6.025],[11.157,-5.921],[11.032,-5.725]],"c":true},"ix":2},"nm":"Path 1","mn":"ADBE Vector Shape - Group","hd":false},{"ty":"fl","c":{"a":0,"k":[0.101960785687,0.57647061348,0.435294121504,1],"ix":4},"o":{"a":0,"k":100,"ix":5},"r":1,"bm":0,"nm":"Fill 1","mn":"ADBE Vector Graphic - Fill","hd":false},{"ty":"tr","p":{"a":0,"k":[0,0],"ix":2},"a":{"a":0,"k":[0,0],"ix":1},"s":{"a":0,"k":[100,100],"ix":3},"r":{"a":0,"k":0,"ix":6},"o":{"a":0,"k":100,"ix":7},"sk":{"a":0,"k":0,"ix":4},"sa":{"a":0,"k":0,"ix":5},"nm":"Transform"}],"nm":"Group 12","np":2,"cix":2,"bm":0,"ix":1,"mn":"ADBE Vector Group","hd":false}],"ip":0,"op":21,"st":0,"bm":0},{"ddd":0,"ind":8,"ty":4,"nm":"Group 14 :M","sr":1,"ks":{"o":{"a":0,"k":100,"ix":11},"r":{"a":1,"k":[{"i":{"x":[0.667],"y":[1]},"o":{"x":[0.333],"y":[0]},"t":2,"s":[0]},{"i":{"x":[0.667],"y":[1]},"o":{"x":[0.333],"y":[0]},"t":12,"s":[-5]},{"i":{"x":[0.667],"y":[1]},"o":{"x":[0.333],"y":[0]},"t":22,"s":[0]},{"i":{"x":[0.667],"y":[1]},"o":{"x":[0.333],"y":[0]},"t":32,"s":[-5]},{"t":42,"s":[0]}],"ix":10},"p":{"a":1,"k":[{"i":{"x":0.667,"y":1},"o":{"x":0.333,"y":0},"t":-10,"s":[114.842,280.675,0],"to":[-0.25,0,0],"ti":[0,0,0]},{"i":{"x":0.667,"y":1},"o":{"x":0.333,"y":0},"t":0,"s":[113.342,280.675,0],"to":[0,0,0],"ti":[0,0,0]},{"i":{"x":0.667,"y":1},"o":{"x":0.333,"y":0},"t":10,"s":[114.842,280.675,0],"to":[0,0,0],"ti":[0,0,0]},{"i":{"x":0.667,"y":1},"o":{"x":0.333,"y":0},"t":20,"s":[113.342,280.675,0],"to":[0,0,0],"ti":[0,0,0]},{"i":{"x":0.667,"y":1},"o":{"x":0.333,"y":0},"t":30,"s":[114.842,280.675,0],"to":[0,0,0],"ti":[0,0,0]},{"i":{"x":0.667,"y":1},"o":{"x":0.333,"y":0},"t":40,"s":[113.342,280.675,0],"to":[0,0,0],"ti":[-0.25,0,0]},{"t":50,"s":[114.842,280.675,0]}],"ix":2},"a":{"a":0,"k":[116.842,280.675,0],"ix":1},"s":{"a":0,"k":[100,100,100],"ix":6}},"ao":0,"shapes":[{"ty":"gr","it":[{"ty":"gr","it":[{"ind":0,"ty":"sh","ix":1,"ks":{"a":0,"k":{"i":[[0.331,0.702],[-0.445,-0.637],[0,0],[0,0],[-0.415,-0.664],[0.491,0.613],[1.375,1.738],[0.831,1.202]],"o":[[0.56,0.539],[0,0],[0,0],[0.53,0.577],[-0.628,-0.471],[-0.982,-1.073],[-1.376,-1.738],[-0.487,-0.603]],"v":[[-13.757,23.87],[-12.245,25.639],[-8.746,30.068],[-5.224,34.474],[-3.804,36.34],[-5.489,34.708],[-9.132,30.37],[-12.525,25.835]],"c":true},"ix":2},"nm":"Path 1","mn":"ADBE Vector Shape - Group","hd":false},{"ty":"fl","c":{"a":0,"k":[0.149019613862,0.196078434587,0.219607844949,1],"ix":4},"o":{"a":0,"k":100,"ix":5},"r":1,"bm":0,"nm":"Fill 1","mn":"ADBE Vector Graphic - Fill","hd":false},{"ty":"tr","p":{"a":0,"k":[0,0],"ix":2},"a":{"a":0,"k":[0,0],"ix":1},"s":{"a":0,"k":[100,100],"ix":3},"r":{"a":0,"k":0,"ix":6},"o":{"a":0,"k":100,"ix":7},"sk":{"a":0,"k":0,"ix":4},"sa":{"a":0,"k":0,"ix":5},"nm":"Transform"}],"nm":"Group 14","np":2,"cix":2,"bm":0,"ix":1,"mn":"ADBE Vector Group","hd":false},{"ty":"tr","p":{"a":0,"k":[105.508,266.833],"ix":2},"a":{"a":0,"k":[-8.78,30.105],"ix":1},"s":{"a":0,"k":[222,222],"ix":3},"r":{"a":0,"k":0,"ix":6},"o":{"a":0,"k":100,"ix":7},"sk":{"a":0,"k":0,"ix":4},"sa":{"a":0,"k":0,"ix":5},"nm":"Transform"}],"nm":"Group 114","np":1,"cix":2,"bm":0,"ix":1,"mn":"ADBE Vector Group","hd":false},{"ty":"gr","it":[{"ty":"gr","it":[{"ind":0,"ty":"sh","ix":1,"ks":{"a":0,"k":{"i":[[-5.2,-11.17],[0.71,10.217],[-0.037,0.071],[-0.069,0.042],[-0.081,0],[-0.069,-0.042]],"o":[[0,0],[-0.006,-0.081],[0.037,-0.072],[0.069,-0.042],[0.081,0],[1.829,1.126]],"v":[[-3.675,36.295],[-16.379,20.47],[-16.333,20.237],[-16.171,20.062],[-15.943,19.997],[-15.714,20.061]],"c":true},"ix":2},"nm":"Path 1","mn":"ADBE Vector Shape - Group","hd":false},{"ty":"fl","c":{"a":0,"k":[0.101960785687,0.57647061348,0.435294121504,1],"ix":4},"o":{"a":0,"k":100,"ix":5},"r":1,"bm":0,"nm":"Fill 1","mn":"ADBE Vector Graphic - Fill","hd":false},{"ty":"tr","p":{"a":0,"k":[0,0],"ix":2},"a":{"a":0,"k":[0,0],"ix":1},"s":{"a":0,"k":[100,100],"ix":3},"r":{"a":0,"k":0,"ix":6},"o":{"a":0,"k":100,"ix":7},"sk":{"a":0,"k":0,"ix":4},"sa":{"a":0,"k":0,"ix":5},"nm":"Transform"}],"nm":"Group 15","np":2,"cix":2,"bm":0,"ix":1,"mn":"ADBE Vector Group","hd":false},{"ty":"tr","p":{"a":0,"k":[102.739,262.485],"ix":2},"a":{"a":0,"k":[-10.028,28.146],"ix":1},"s":{"a":0,"k":[222,222],"ix":3},"r":{"a":0,"k":0,"ix":6},"o":{"a":0,"k":100,"ix":7},"sk":{"a":0,"k":0,"ix":4},"sa":{"a":0,"k":0,"ix":5},"nm":"Transform"}],"nm":"Group 115","np":1,"cix":2,"bm":0,"ix":2,"mn":"ADBE Vector Group","hd":false}],"ip":0,"op":21,"st":0,"bm":0},{"ddd":0,"ind":9,"ty":4,"nm":"Group 16 :M :M","sr":1,"ks":{"o":{"a":0,"k":100,"ix":11},"r":{"a":1,"k":[{"i":{"x":[0.667],"y":[1]},"o":{"x":[0.333],"y":[0]},"t":2,"s":[0]},{"i":{"x":[0.667],"y":[1]},"o":{"x":[0.333],"y":[0]},"t":12,"s":[10]},{"i":{"x":[0.667],"y":[1]},"o":{"x":[0.333],"y":[0]},"t":22,"s":[0]},{"i":{"x":[0.667],"y":[1]},"o":{"x":[0.333],"y":[0]},"t":32,"s":[10]},{"t":42,"s":[0]}],"ix":10},"p":{"a":1,"k":[{"i":{"x":0.667,"y":1},"o":{"x":0.333,"y":0},"t":-10,"s":[103.624,201.518,0],"to":[-0.833,0,0],"ti":[0,0,0]},{"i":{"x":0.667,"y":1},"o":{"x":0.333,"y":0},"t":0,"s":[98.624,201.518,0],"to":[0,0,0],"ti":[0,0,0]},{"i":{"x":0.667,"y":1},"o":{"x":0.333,"y":0},"t":10,"s":[103.624,201.518,0],"to":[0,0,0],"ti":[0,0,0]},{"i":{"x":0.667,"y":1},"o":{"x":0.333,"y":0},"t":20,"s":[98.624,201.518,0],"to":[0,0,0],"ti":[0,0,0]},{"i":{"x":0.667,"y":1},"o":{"x":0.333,"y":0},"t":30,"s":[103.624,201.518,0],"to":[0,0,0],"ti":[0,0,0]},{"i":{"x":0.667,"y":1},"o":{"x":0.333,"y":0},"t":40,"s":[98.624,201.518,0],"to":[0,0,0],"ti":[-0.833,0,0]},{"t":50,"s":[103.624,201.518,0]}],"ix":2},"a":{"a":0,"k":[98.624,201.518,0],"ix":1},"s":{"a":0,"k":[100,100,100],"ix":6}},"ao":0,"shapes":[{"ty":"gr","it":[{"ty":"gr","it":[{"ty":"gr","it":[{"ind":0,"ty":"sh","ix":1,"ks":{"a":0,"k":{"i":[[0.009,0.783],[-0.123,-0.774],[-0.446,-2.056],[-0.355,-1.587],[-0.083,-0.78],[0.176,0.767],[0.461,2.161],[0.227,1.436]],"o":[[0.279,0.733],[0.348,1.587],[0.446,2.056],[0.219,0.753],[-0.351,-0.704],[-0.408,-1.391],[-0.461,-2.161],[-0.167,-0.765]],"v":[[-15.48,-14.907],[-14.875,-12.64],[-13.674,-7.13],[-12.457,-1.621],[-12.003,0.684],[-12.797,-1.53],[-14.157,-7.025],[-15.215,-12.579]],"c":true},"ix":2},"nm":"Path 1","mn":"ADBE Vector Shape - Group","hd":false},{"ty":"fl","c":{"a":0,"k":[0.149019613862,0.196078434587,0.219607844949,1],"ix":4},"o":{"a":0,"k":100,"ix":5},"r":1,"bm":0,"nm":"Fill 1","mn":"ADBE Vector Graphic - Fill","hd":false},{"ty":"tr","p":{"a":0,"k":[0,0],"ix":2},"a":{"a":0,"k":[0,0],"ix":1},"s":{"a":0,"k":[100,100],"ix":3},"r":{"a":0,"k":0,"ix":6},"o":{"a":0,"k":100,"ix":7},"sk":{"a":0,"k":0,"ix":4},"sa":{"a":0,"k":0,"ix":5},"nm":"Transform"}],"nm":"Group 16","np":2,"cix":2,"bm":0,"ix":1,"mn":"ADBE Vector Group","hd":false},{"ty":"tr","p":{"a":0,"k":[94.493,184.212],"ix":2},"a":{"a":0,"k":[-13.742,-7.112],"ix":1},"s":{"a":0,"k":[222,222],"ix":3},"r":{"a":0,"k":0,"ix":6},"o":{"a":0,"k":100,"ix":7},"sk":{"a":0,"k":0,"ix":4},"sa":{"a":0,"k":0,"ix":5},"nm":"Transform"}],"nm":"Group 116","np":1,"cix":2,"bm":0,"ix":1,"mn":"ADBE Vector Group","hd":false},{"ty":"gr","it":[{"ty":"gr","it":[{"ind":0,"ty":"sh","ix":1,"ks":{"a":0,"k":{"i":[[0.257,-12.319],[-3.915,9.477],[-0.063,0.044],[-0.077,0.007],[-0.07,-0.032],[-0.044,-0.063]],"o":[[0,0],[0.032,-0.07],[0.063,-0.044],[0.076,-0.007],[0.07,0.032],[1.134,1.799]],"v":[[-11.898,0.684],[-16.296,-19.109],[-16.151,-19.283],[-15.938,-19.361],[-15.715,-19.322],[-15.54,-19.177]],"c":true},"ix":2},"nm":"Path 1","mn":"ADBE Vector Shape - Group","hd":false},{"ty":"fl","c":{"a":0,"k":[0.101960785687,0.57647061348,0.435294121504,1],"ix":4},"o":{"a":0,"k":100,"ix":5},"r":1,"bm":0,"nm":"Fill 1","mn":"ADBE Vector Graphic - Fill","hd":false},{"ty":"tr","p":{"a":0,"k":[0,0],"ix":2},"a":{"a":0,"k":[0,0],"ix":1},"s":{"a":0,"k":[100,100],"ix":3},"r":{"a":0,"k":0,"ix":6},"o":{"a":0,"k":100,"ix":7},"sk":{"a":0,"k":0,"ix":4},"sa":{"a":0,"k":0,"ix":5},"nm":"Transform"}],"nm":"Group 17","np":2,"cix":2,"bm":0,"ix":1,"mn":"ADBE Vector Group","hd":false},{"ty":"tr","p":{"a":0,"k":[92.56,179.267],"ix":2},"a":{"a":0,"k":[-14.613,-9.339],"ix":1},"s":{"a":0,"k":[222,222],"ix":3},"r":{"a":0,"k":0,"ix":6},"o":{"a":0,"k":100,"ix":7},"sk":{"a":0,"k":0,"ix":4},"sa":{"a":0,"k":0,"ix":5},"nm":"Transform"}],"nm":"Group 117","np":1,"cix":2,"bm":0,"ix":2,"mn":"ADBE Vector Group","hd":false},{"ty":"tr","p":{"a":0,"k":[92.56,179.267],"ix":2},"a":{"a":0,"k":[92.56,179.267],"ix":1},"s":{"a":0,"k":[100,100],"ix":3},"r":{"a":0,"k":0,"ix":6},"o":{"a":0,"k":100,"ix":7},"sk":{"a":0,"k":0,"ix":4},"sa":{"a":0,"k":0,"ix":5},"nm":"Transform"}],"nm":"Group 16 :M","np":2,"cix":2,"bm":0,"ix":1,"mn":"ADBE Vector Group","hd":false}],"ip":0,"op":21,"st":0,"bm":0},{"ddd":0,"ind":10,"ty":4,"nm":"Group 18 :M","sr":1,"ks":{"o":{"a":0,"k":100,"ix":11},"r":{"a":1,"k":[{"i":{"x":[0.667],"y":[1]},"o":{"x":[0.333],"y":[0]},"t":-16,"s":[0]},{"i":{"x":[0.667],"y":[1]},"o":{"x":[0.333],"y":[0]},"t":-6,"s":[0.9]},{"i":{"x":[0.667],"y":[1]},"o":{"x":[0.333],"y":[0]},"t":4,"s":[0]},{"i":{"x":[0.667],"y":[1]},"o":{"x":[0.333],"y":[0]},"t":14,"s":[0.9]},{"t":24,"s":[0]}],"ix":10},"p":{"a":1,"k":[{"i":{"x":0.667,"y":1},"o":{"x":0.333,"y":0},"t":-13,"s":[122.522,134.441,0],"to":[-1.667,0,0],"ti":[0,0,0]},{"i":{"x":0.667,"y":1},"o":{"x":0.333,"y":0},"t":-3,"s":[112.522,134.441,0],"to":[0,0,0],"ti":[0,0,0]},{"i":{"x":0.667,"y":1},"o":{"x":0.333,"y":0},"t":7,"s":[122.522,134.441,0],"to":[0,0,0],"ti":[0,0,0]},{"i":{"x":0.667,"y":1},"o":{"x":0.333,"y":0},"t":17,"s":[112.522,134.441,0],"to":[0,0,0],"ti":[0,0,0]},{"i":{"x":0.667,"y":1},"o":{"x":0.333,"y":0},"t":27,"s":[122.522,134.441,0],"to":[0,0,0],"ti":[0,0,0]},{"i":{"x":0.667,"y":1},"o":{"x":0.333,"y":0},"t":37,"s":[112.522,134.441,0],"to":[0,0,0],"ti":[-1.667,0,0]},{"t":47,"s":[122.522,134.441,0]}],"ix":2},"a":{"a":0,"k":[114.023,134.441,0],"ix":1},"s":{"a":0,"k":[100,100,100],"ix":6}},"ao":0,"shapes":[{"ty":"gr","it":[{"ty":"gr","it":[{"ind":0,"ty":"sh","ix":1,"ks":{"a":0,"k":{"i":[[0.359,0.697],[-0.464,-0.631],[0,0],[0,0],[-0.423,-0.658],[0.502,0.604],[1.391,1.715],[0.854,1.164]],"o":[[0.582,0.524],[0,0],[0,0],[0.542,0.564],[-0.633,-0.465],[-0.998,-1.05],[-1.391,-1.716],[-0.5,-0.604]],"v":[[-15.23,-41.827],[-13.658,-40.089],[-10.084,-35.721],[-6.494,-31.367],[-5.043,-29.531],[-6.751,-31.141],[-10.462,-35.411],[-13.938,-39.87]],"c":true},"ix":2},"nm":"Path 1","mn":"ADBE Vector Shape - Group","hd":false},{"ty":"fl","c":{"a":0,"k":[0.149019613862,0.196078434587,0.219607844949,1],"ix":4},"o":{"a":0,"k":100,"ix":5},"r":1,"bm":0,"nm":"Fill 1","mn":"ADBE Vector Graphic - Fill","hd":false},{"ty":"tr","p":{"a":0,"k":[0,0],"ix":2},"a":{"a":0,"k":[0,0],"ix":1},"s":{"a":0,"k":[100,100],"ix":3},"r":{"a":0,"k":0,"ix":6},"o":{"a":0,"k":100,"ix":7},"sk":{"a":0,"k":0,"ix":4},"sa":{"a":0,"k":0,"ix":5},"nm":"Transform"}],"nm":"Group 18","np":2,"cix":2,"bm":0,"ix":1,"mn":"ADBE Vector Group","hd":false},{"ty":"tr","p":{"a":0,"k":[102.497,120.793],"ix":2},"a":{"a":0,"k":[-10.137,-35.679],"ix":1},"s":{"a":0,"k":[222,222],"ix":3},"r":{"a":0,"k":0,"ix":6},"o":{"a":0,"k":100,"ix":7},"sk":{"a":0,"k":0,"ix":4},"sa":{"a":0,"k":0,"ix":5},"nm":"Transform"}],"nm":"Group 118","np":1,"cix":2,"bm":0,"ix":1,"mn":"ADBE Vector Group","hd":false},{"ty":"gr","it":[{"ty":"gr","it":[{"ind":0,"ty":"sh","ix":1,"ks":{"a":0,"k":{"i":[[-5.389,-11.079],[0.839,10.21],[-0.035,0.073],[-0.068,0.044],[-0.081,0.002],[-0.07,-0.041]],"o":[[0,0],[-0.008,-0.081],[0.035,-0.073],[0.068,-0.044],[0.081,-0.002],[1.814,1.103]],"v":[[-4.945,-29.584],[-17.876,-45.19],[-17.835,-45.425],[-17.677,-45.604],[-17.449,-45.673],[-17.218,-45.613]],"c":true},"ix":2},"nm":"Path 1","mn":"ADBE Vector Shape - Group","hd":false},{"ty":"fl","c":{"a":0,"k":[0.101960785687,0.57647061348,0.435294121504,1],"ix":4},"o":{"a":0,"k":100,"ix":5},"r":1,"bm":0,"nm":"Fill 1","mn":"ADBE Vector Graphic - Fill","hd":false},{"ty":"tr","p":{"a":0,"k":[0,0],"ix":2},"a":{"a":0,"k":[0,0],"ix":1},"s":{"a":0,"k":[100,100],"ix":3},"r":{"a":0,"k":0,"ix":6},"o":{"a":0,"k":100,"ix":7},"sk":{"a":0,"k":0,"ix":4},"sa":{"a":0,"k":0,"ix":5},"nm":"Transform"}],"nm":"Group 19","np":2,"cix":2,"bm":0,"ix":1,"mn":"ADBE Vector Group","hd":false},{"ty":"tr","p":{"a":0,"k":[99.667,116.464],"ix":2},"a":{"a":0,"k":[-11.411,-37.629],"ix":1},"s":{"a":0,"k":[222,222],"ix":3},"r":{"a":0,"k":0,"ix":6},"o":{"a":0,"k":100,"ix":7},"sk":{"a":0,"k":0,"ix":4},"sa":{"a":0,"k":0,"ix":5},"nm":"Transform"}],"nm":"Group 119","np":1,"cix":2,"bm":0,"ix":2,"mn":"ADBE Vector Group","hd":false}],"ip":0,"op":21,"st":0,"bm":0},{"ddd":0,"ind":11,"ty":4,"nm":"Group 20 :M","sr":1,"ks":{"o":{"a":0,"k":100,"ix":11},"r":{"a":1,"k":[{"i":{"x":[0.667],"y":[1]},"o":{"x":[0.333],"y":[0]},"t":-8,"s":[0]},{"i":{"x":[0.667],"y":[1]},"o":{"x":[0.333],"y":[0]},"t":2,"s":[3.8]},{"i":{"x":[0.667],"y":[1]},"o":{"x":[0.333],"y":[0]},"t":12,"s":[0]},{"i":{"x":[0.667],"y":[1]},"o":{"x":[0.333],"y":[0]},"t":22,"s":[3.8]},{"t":32,"s":[0]}],"ix":10},"p":{"a":1,"k":[{"i":{"x":0.667,"y":1},"o":{"x":0.333,"y":0},"t":-16,"s":[93.754,74.142,0],"to":[0,0,0],"ti":[0,0,0]},{"i":{"x":0.667,"y":1},"o":{"x":0.333,"y":0},"t":-6,"s":[84.654,74.142,0],"to":[0,0,0],"ti":[0,0,0]},{"i":{"x":0.667,"y":1},"o":{"x":0.333,"y":0},"t":4,"s":[93.754,74.142,0],"to":[0,0,0],"ti":[0,0,0]},{"i":{"x":0.667,"y":1},"o":{"x":0.333,"y":0},"t":14,"s":[84.654,74.142,0],"to":[0,0,0],"ti":[0,0,0]},{"i":{"x":0.667,"y":1},"o":{"x":0.333,"y":0},"t":24,"s":[93.754,74.142,0],"to":[0,0,0],"ti":[0,0,0]},{"i":{"x":0.667,"y":1},"o":{"x":0.333,"y":0},"t":34,"s":[84.654,74.142,0],"to":[0,0,0],"ti":[0,0,0]},{"t":44,"s":[93.754,74.142,0]}],"ix":2},"a":{"a":0,"k":[86.054,74.142,0],"ix":1},"s":{"a":0,"k":[100,100,100],"ix":6}},"ao":0,"shapes":[{"ty":"gr","it":[{"ty":"gr","it":[{"ind":0,"ty":"sh","ix":1,"ks":{"a":0,"k":{"i":[[0.315,0.709],[-0.426,-0.658],[0,0],[0,0],[-0.384,-0.683],[0.468,0.63],[1.285,1.791],[0.786,1.224]],"o":[[0.545,0.563],[0,0],[0,0],[0.506,0.598],[-0.601,-0.505],[-0.93,-1.118],[-1.285,-1.791],[-0.463,-0.622]],"v":[[-27.065,-69.563],[-25.607,-67.727],[-22.297,-63.154],[-18.979,-58.62],[-17.641,-56.693],[-19.251,-58.401],[-22.697,-62.89],[-25.894,-67.56]],"c":true},"ix":2},"nm":"Path 1","mn":"ADBE Vector Shape - Group","hd":false},{"ty":"fl","c":{"a":0,"k":[0.149019613862,0.196078434587,0.219607844949,1],"ix":4},"o":{"a":0,"k":100,"ix":5},"r":1,"bm":0,"nm":"Fill 1","mn":"ADBE Vector Graphic - Fill","hd":false},{"ty":"tr","p":{"a":0,"k":[0,0],"ix":2},"a":{"a":0,"k":[0,0],"ix":1},"s":{"a":0,"k":[100,100],"ix":3},"r":{"a":0,"k":0,"ix":6},"o":{"a":0,"k":100,"ix":7},"sk":{"a":0,"k":0,"ix":4},"sa":{"a":0,"k":0,"ix":5},"nm":"Transform"}],"nm":"Group 20","np":2,"cix":2,"bm":0,"ix":1,"mn":"ADBE Vector Group","hd":false},{"ty":"tr","p":{"a":0,"k":[75.376,59.856],"ix":2},"a":{"a":0,"k":[-22.353,-63.128],"ix":1},"s":{"a":0,"k":[222,222],"ix":3},"r":{"a":0,"k":0,"ix":6},"o":{"a":0,"k":100,"ix":7},"sk":{"a":0,"k":0,"ix":4},"sa":{"a":0,"k":0,"ix":5},"nm":"Transform"}],"nm":"Group 220","np":1,"cix":2,"bm":0,"ix":1,"mn":"ADBE Vector Group","hd":false},{"ty":"gr","it":[{"ty":"gr","it":[{"ind":0,"ty":"sh","ix":1,"ks":{"a":0,"k":{"i":[[-4.701,-11.389],[0.227,10.24],[-0.039,0.071],[-0.071,0.04],[-0.081,-0.005],[-0.066,-0.047]],"o":[[0,0],[-0.005,-0.081],[0.039,-0.071],[0.071,-0.04],[0.081,0.005],[1.746,1.202]],"v":[[-17.543,-56.708],[-29.499,-73.077],[-29.447,-73.311],[-29.278,-73.481],[-29.045,-73.535],[-28.819,-73.455]],"c":true},"ix":2},"nm":"Path 1","mn":"ADBE Vector Shape - Group","hd":false},{"ty":"fl","c":{"a":0,"k":[0.101960785687,0.57647061348,0.435294121504,1],"ix":4},"o":{"a":0,"k":100,"ix":5},"r":1,"bm":0,"nm":"Fill 1","mn":"ADBE Vector Graphic - Fill","hd":false},{"ty":"tr","p":{"a":0,"k":[0,0],"ix":2},"a":{"a":0,"k":[0,0],"ix":1},"s":{"a":0,"k":[100,100],"ix":3},"r":{"a":0,"k":0,"ix":6},"o":{"a":0,"k":100,"ix":7},"sk":{"a":0,"k":0,"ix":4},"sa":{"a":0,"k":0,"ix":5},"nm":"Transform"}],"nm":"Group 21","np":2,"cix":2,"bm":0,"ix":1,"mn":"ADBE Vector Group","hd":false},{"ty":"tr","p":{"a":0,"k":[72.782,55.43],"ix":2},"a":{"a":0,"k":[-23.522,-65.122],"ix":1},"s":{"a":0,"k":[222,222],"ix":3},"r":{"a":0,"k":0,"ix":6},"o":{"a":0,"k":100,"ix":7},"sk":{"a":0,"k":0,"ix":4},"sa":{"a":0,"k":0,"ix":5},"nm":"Transform"}],"nm":"Group 221","np":1,"cix":2,"bm":0,"ix":2,"mn":"ADBE Vector Group","hd":false}],"ip":0,"op":21,"st":0,"bm":0},{"ddd":0,"ind":12,"ty":4,"nm":"Group 22 :M","sr":1,"ks":{"o":{"a":0,"k":100,"ix":11},"r":{"a":1,"k":[{"i":{"x":[0.667],"y":[1]},"o":{"x":[0.333],"y":[0]},"t":1,"s":[0]},{"i":{"x":[0.667],"y":[1]},"o":{"x":[0.333],"y":[0]},"t":11,"s":[-3.8]},{"i":{"x":[0.667],"y":[1]},"o":{"x":[0.333],"y":[0]},"t":21,"s":[0]},{"i":{"x":[0.667],"y":[1]},"o":{"x":[0.333],"y":[0]},"t":31,"s":[-3.8]},{"t":41,"s":[0]}],"ix":10},"p":{"a":0,"k":[118.257,310.254,0],"ix":2},"a":{"a":0,"k":[119.257,310.254,0],"ix":1},"s":{"a":0,"k":[100,100,100],"ix":6}},"ao":0,"shapes":[{"ty":"gr","it":[{"ty":"gr","it":[{"ind":0,"ty":"sh","ix":1,"ks":{"a":0,"k":{"i":[[-0.437,0.65],[0.325,-0.709],[0,0],[0.605,-1.504],[0.374,-0.689],[-0.286,0.731],[-0.846,2.033],[-0.62,1.308]],"o":[[-0.178,0.759],[0,0],[-0.756,1.949],[-0.244,0.744],[0.11,-0.777],[0.454,-1.383],[0.846,-2.033],[0.281,-0.731]],"v":[[3.353,34.791],[2.598,36.998],[0.459,42.228],[-1.657,47.45],[-2.587,49.604],[-1.99,47.336],[0.005,42.046],[2.273,36.869]],"c":true},"ix":2},"nm":"Path 1","mn":"ADBE Vector Shape - Group","hd":false},{"ty":"fl","c":{"a":0,"k":[0.149019613862,0.196078434587,0.219607844949,1],"ix":4},"o":{"a":0,"k":100,"ix":5},"r":1,"bm":0,"nm":"Fill 1","mn":"ADBE Vector Graphic - Fill","hd":false},{"ty":"tr","p":{"a":0,"k":[0,0],"ix":2},"a":{"a":0,"k":[0,0],"ix":1},"s":{"a":0,"k":[100,100],"ix":3},"r":{"a":0,"k":0,"ix":6},"o":{"a":0,"k":100,"ix":7},"sk":{"a":0,"k":0,"ix":4},"sa":{"a":0,"k":0,"ix":5},"nm":"Transform"}],"nm":"Group 22","np":2,"cix":2,"bm":0,"ix":1,"mn":"ADBE Vector Group","hd":false},{"ty":"tr","p":{"a":0,"k":[125.851,293.678],"ix":2},"a":{"a":0,"k":[0.383,42.198],"ix":1},"s":{"a":0,"k":[222,222],"ix":3},"r":{"a":0,"k":0,"ix":6},"o":{"a":0,"k":100,"ix":7},"sk":{"a":0,"k":0,"ix":4},"sa":{"a":0,"k":0,"ix":5},"nm":"Transform"}],"nm":"Group 222","np":1,"cix":2,"bm":0,"ix":1,"mn":"ADBE Vector Group","hd":false},{"ty":"gr","it":[{"ty":"gr","it":[{"ind":0,"ty":"sh","ix":1,"ks":{"a":0,"k":{"i":[[7.187,-9.991],[-8.555,5.608],[-0.081,0.003],[-0.07,-0.04],[-0.039,-0.071],[0.004,-0.08]],"o":[[0,0],[0.067,-0.045],[0.081,-0.003],[0.07,0.04],[0.039,0.071],[-0.083,2.117]],"v":[[-2.526,49.664],[5.031,30.861],[5.258,30.788],[5.49,30.845],[5.657,31.014],[5.711,31.246]],"c":true},"ix":2},"nm":"Path 1","mn":"ADBE Vector Shape - Group","hd":false},{"ty":"fl","c":{"a":0,"k":[0.101960785687,0.57647061348,0.435294121504,1],"ix":4},"o":{"a":0,"k":100,"ix":5},"r":1,"bm":0,"nm":"Fill 1","mn":"ADBE Vector Graphic - Fill","hd":false},{"ty":"tr","p":{"a":0,"k":[0,0],"ix":2},"a":{"a":0,"k":[0,0],"ix":1},"s":{"a":0,"k":[100,100],"ix":3},"r":{"a":0,"k":0,"ix":6},"o":{"a":0,"k":100,"ix":7},"sk":{"a":0,"k":0,"ix":4},"sa":{"a":0,"k":0,"ix":5},"nm":"Transform"}],"nm":"Group 23","np":2,"cix":2,"bm":0,"ix":1,"mn":"ADBE Vector Group","hd":false},{"ty":"tr","p":{"a":0,"k":[128.496,289.301],"ix":2},"a":{"a":0,"k":[1.575,40.226],"ix":1},"s":{"a":0,"k":[222,222],"ix":3},"r":{"a":0,"k":0,"ix":6},"o":{"a":0,"k":100,"ix":7},"sk":{"a":0,"k":0,"ix":4},"sa":{"a":0,"k":0,"ix":5},"nm":"Transform"}],"nm":"Group 223","np":1,"cix":2,"bm":0,"ix":2,"mn":"ADBE Vector Group","hd":false}],"ip":0,"op":21,"st":0,"bm":0},{"ddd":0,"ind":13,"ty":4,"nm":"Group 24 :M","sr":1,"ks":{"o":{"a":0,"k":100,"ix":11},"r":{"a":1,"k":[{"i":{"x":[0.667],"y":[1]},"o":{"x":[0.333],"y":[0]},"t":-8,"s":[0]},{"i":{"x":[0.667],"y":[1]},"o":{"x":[0.333],"y":[0]},"t":2,"s":[1.7]},{"i":{"x":[0.667],"y":[1]},"o":{"x":[0.333],"y":[0]},"t":12,"s":[0]},{"i":{"x":[0.667],"y":[1]},"o":{"x":[0.333],"y":[0]},"t":22,"s":[1.7]},{"t":32,"s":[0]}],"ix":10},"p":{"a":1,"k":[{"i":{"x":0.667,"y":1},"o":{"x":0.333,"y":0},"t":-20,"s":[102.915,237.355,0],"to":[0.833,0,0],"ti":[0,0,0]},{"i":{"x":0.667,"y":1},"o":{"x":0.333,"y":0},"t":-10,"s":[107.915,237.355,0],"to":[0,0,0],"ti":[0,0,0]},{"i":{"x":0.667,"y":1},"o":{"x":0.333,"y":0},"t":0,"s":[102.915,237.355,0],"to":[0,0,0],"ti":[0,0,0]},{"i":{"x":0.667,"y":1},"o":{"x":0.333,"y":0},"t":10,"s":[107.915,237.355,0],"to":[0,0,0],"ti":[0,0,0]},{"i":{"x":0.667,"y":1},"o":{"x":0.333,"y":0},"t":20,"s":[102.915,237.355,0],"to":[0,0,0],"ti":[0,0,0]},{"i":{"x":0.667,"y":1},"o":{"x":0.333,"y":0},"t":30,"s":[107.915,237.355,0],"to":[0,0,0],"ti":[0.833,0,0]},{"t":40,"s":[102.915,237.355,0]}],"ix":2},"a":{"a":0,"k":[102.915,237.355,0],"ix":1},"s":{"a":0,"k":[100,100,100],"ix":6}},"ao":0,"shapes":[{"ty":"gr","it":[{"ty":"gr","it":[{"ind":0,"ty":"sh","ix":1,"ks":{"a":0,"k":{"i":[[-0.424,0.661],[0.313,-0.73],[0,0],[0.559,-1.511],[0.347,-0.699],[-0.265,0.732],[-0.763,2.071],[-0.574,1.36]],"o":[[-0.16,0.778],[0,0],[-0.756,1.98],[-0.216,0.75],[0.077,-0.774],[0.4,-1.391],[0.763,-2.071],[0.264,-0.74]],"v":[[-4.507,1.75],[-5.217,4.017],[-7.159,9.307],[-9.094,14.597],[-9.94,16.774],[-9.426,14.507],[-7.628,9.148],[-5.542,3.858]],"c":true},"ix":2},"nm":"Path 1","mn":"ADBE Vector Shape - Group","hd":false},{"ty":"fl","c":{"a":0,"k":[0.149019613862,0.196078434587,0.219607844949,1],"ix":4},"o":{"a":0,"k":100,"ix":5},"r":1,"bm":0,"nm":"Fill 1","mn":"ADBE Vector Graphic - Fill","hd":false},{"ty":"tr","p":{"a":0,"k":[0,0],"ix":2},"a":{"a":0,"k":[0,0],"ix":1},"s":{"a":0,"k":[100,100],"ix":3},"r":{"a":0,"k":0,"ix":6},"o":{"a":0,"k":100,"ix":7},"sk":{"a":0,"k":0,"ix":4},"sa":{"a":0,"k":0,"ix":5},"nm":"Transform"}],"nm":"Group 24","np":2,"cix":2,"bm":0,"ix":1,"mn":"ADBE Vector Group","hd":false},{"ty":"tr","p":{"a":0,"k":[108.964,220.561],"ix":2},"a":{"a":0,"k":[-7.223,9.262],"ix":1},"s":{"a":0,"k":[222,222],"ix":3},"r":{"a":0,"k":0,"ix":6},"o":{"a":0,"k":100,"ix":7},"sk":{"a":0,"k":0,"ix":4},"sa":{"a":0,"k":0,"ix":5},"nm":"Transform"}],"nm":"Group 224","np":1,"cix":2,"bm":0,"ix":1,"mn":"ADBE Vector Group","hd":false},{"ty":"gr","it":[{"ty":"gr","it":[{"ind":0,"ty":"sh","ix":1,"ks":{"a":0,"k":{"i":[[6.817,-10.255],[-8.366,5.91],[-0.081,0.006],[-0.072,-0.037],[-0.042,-0.069],[0,-0.081]],"o":[[0,0],[0.065,-0.047],[0.081,-0.006],[0.072,0.037],[0.042,0.069],[-0.03,2.124]],"v":[[-9.85,16.827],[-2.949,-2.233],[-2.726,-2.315],[-2.493,-2.268],[-2.319,-2.107],[-2.254,-1.878]],"c":true},"ix":2},"nm":"Path 1","mn":"ADBE Vector Shape - Group","hd":false},{"ty":"fl","c":{"a":0,"k":[0.101960785687,0.57647061348,0.435294121504,1],"ix":4},"o":{"a":0,"k":100,"ix":5},"r":1,"bm":0,"nm":"Fill 1","mn":"ADBE Vector Graphic - Fill","hd":false},{"ty":"tr","p":{"a":0,"k":[0,0],"ix":2},"a":{"a":0,"k":[0,0],"ix":1},"s":{"a":0,"k":[100,100],"ix":3},"r":{"a":0,"k":0,"ix":6},"o":{"a":0,"k":100,"ix":7},"sk":{"a":0,"k":0,"ix":4},"sa":{"a":0,"k":0,"ix":5},"nm":"Transform"}],"nm":"Group 25","np":2,"cix":2,"bm":0,"ix":1,"mn":"ADBE Vector Group","hd":false},{"ty":"tr","p":{"a":0,"k":[111.455,216.107],"ix":2},"a":{"a":0,"k":[-6.101,7.255],"ix":1},"s":{"a":0,"k":[222,222],"ix":3},"r":{"a":0,"k":0,"ix":6},"o":{"a":0,"k":100,"ix":7},"sk":{"a":0,"k":0,"ix":4},"sa":{"a":0,"k":0,"ix":5},"nm":"Transform"}],"nm":"Group 225","np":1,"cix":2,"bm":0,"ix":2,"mn":"ADBE Vector Group","hd":false}],"ip":0,"op":21,"st":0,"bm":0},{"ddd":0,"ind":14,"ty":4,"nm":"Group 26 :M :M","sr":1,"ks":{"o":{"a":0,"k":100,"ix":11},"r":{"a":1,"k":[{"i":{"x":[0.667],"y":[1]},"o":{"x":[0.333],"y":[0]},"t":-15,"s":[0]},{"i":{"x":[0.667],"y":[1]},"o":{"x":[0.333],"y":[0]},"t":-5,"s":[-2.3]},{"i":{"x":[0.667],"y":[1]},"o":{"x":[0.333],"y":[0]},"t":5,"s":[0]},{"i":{"x":[0.667],"y":[1]},"o":{"x":[0.333],"y":[0]},"t":15,"s":[-2.3]},{"t":25,"s":[0]}],"ix":10},"p":{"a":1,"k":[{"i":{"x":0.667,"y":1},"o":{"x":0.333,"y":0},"t":-13,"s":[114.77,164.893,0],"to":[-0.833,0,0],"ti":[-0.083,0,0]},{"i":{"x":0.667,"y":1},"o":{"x":0.333,"y":0},"t":-3,"s":[109.77,164.893,0],"to":[0.083,0,0],"ti":[0,0,0]},{"i":{"x":0.667,"y":1},"o":{"x":0.333,"y":0},"t":7,"s":[115.27,164.893,0],"to":[0,0,0],"ti":[0,0,0]},{"i":{"x":0.667,"y":1},"o":{"x":0.333,"y":0},"t":17,"s":[109.77,164.893,0],"to":[0,0,0],"ti":[0,0,0]},{"i":{"x":0.667,"y":1},"o":{"x":0.333,"y":0},"t":27,"s":[115.27,164.893,0],"to":[0,0,0],"ti":[0,0,0]},{"i":{"x":0.667,"y":1},"o":{"x":0.333,"y":0},"t":37,"s":[109.77,164.893,0],"to":[0,0,0],"ti":[-0.917,0,0]},{"t":47,"s":[115.27,164.893,0]}],"ix":2},"a":{"a":0,"k":[108.772,164.893,0],"ix":1},"s":{"a":0,"k":[100,100,100],"ix":6}},"ao":0,"shapes":[{"ty":"gr","it":[{"ty":"gr","it":[{"ty":"gr","it":[{"ind":0,"ty":"sh","ix":1,"ks":{"a":0,"k":{"i":[[-0.6,0.509],[0.505,-0.599],[0,0],[0,0],[0.543,-0.548],[-0.468,0.631],[-1.338,1.761],[-0.937,1.103]],"o":[[-0.375,0.688],[0,0],[0,0],[-0.432,0.639],[0.305,-0.724],[0.756,-1.209],[1.338,-1.761],[0.469,-0.631]],"v":[[2.265,-28.692],[0.943,-26.757],[-2.458,-22.223],[-5.844,-17.688],[-7.31,-15.905],[-6.146,-17.945],[-2.866,-22.555],[0.656,-26.977]],"c":true},"ix":2},"nm":"Path 1","mn":"ADBE Vector Shape - Group","hd":false},{"ty":"fl","c":{"a":0,"k":[0.149019613862,0.196078434587,0.219607844949,1],"ix":4},"o":{"a":0,"k":100,"ix":5},"r":1,"bm":0,"nm":"Fill 1","mn":"ADBE Vector Graphic - Fill","hd":false},{"ty":"tr","p":{"a":0,"k":[0,0],"ix":2},"a":{"a":0,"k":[0,0],"ix":1},"s":{"a":0,"k":[100,100],"ix":3},"r":{"a":0,"k":0,"ix":6},"o":{"a":0,"k":100,"ix":7},"sk":{"a":0,"k":0,"ix":4},"sa":{"a":0,"k":0,"ix":5},"nm":"Transform"}],"nm":"Group 26","np":2,"cix":2,"bm":0,"ix":1,"mn":"ADBE Vector Group","hd":false},{"ty":"tr","p":{"a":0,"k":[119.4,150.497],"ix":2},"a":{"a":0,"k":[-2.522,-22.298],"ix":1},"s":{"a":0,"k":[222,222],"ix":3},"r":{"a":0,"k":0,"ix":6},"o":{"a":0,"k":100,"ix":7},"sk":{"a":0,"k":0,"ix":4},"sa":{"a":0,"k":0,"ix":5},"nm":"Transform"}],"nm":"Group 226","np":1,"cix":2,"bm":0,"ix":1,"mn":"ADBE Vector Group","hd":false},{"ty":"gr","it":[{"ty":"gr","it":[{"ind":0,"ty":"sh","ix":1,"ks":{"a":0,"k":{"i":[[9.5,-7.837],[-9.727,3.227],[-0.079,-0.018],[-0.058,-0.056],[-0.02,-0.078],[0.024,-0.077]],"o":[[0,0],[0.076,-0.026],[0.079,0.018],[0.058,0.056],[0.02,0.078],[-0.642,2.018]],"v":[[-7.22,-15.814],[4.918,-32.055],[5.155,-32.067],[5.364,-31.954],[5.483,-31.749],[5.477,-31.511]],"c":true},"ix":2},"nm":"Path 1","mn":"ADBE Vector Shape - Group","hd":false},{"ty":"fl","c":{"a":0,"k":[0.101960785687,0.57647061348,0.435294121504,1],"ix":4},"o":{"a":0,"k":100,"ix":5},"r":1,"bm":0,"nm":"Fill 1","mn":"ADBE Vector Graphic - Fill","hd":false},{"ty":"tr","p":{"a":0,"k":[0,0],"ix":2},"a":{"a":0,"k":[0,0],"ix":1},"s":{"a":0,"k":[100,100],"ix":3},"r":{"a":0,"k":0,"ix":6},"o":{"a":0,"k":100,"ix":7},"sk":{"a":0,"k":0,"ix":4},"sa":{"a":0,"k":0,"ix":5},"nm":"Transform"}],"nm":"Group 27","np":2,"cix":2,"bm":0,"ix":1,"mn":"ADBE Vector Group","hd":false},{"ty":"tr","p":{"a":0,"k":[123.087,146.839],"ix":2},"a":{"a":0,"k":[-0.862,-23.946],"ix":1},"s":{"a":0,"k":[222,222],"ix":3},"r":{"a":0,"k":0,"ix":6},"o":{"a":0,"k":100,"ix":7},"sk":{"a":0,"k":0,"ix":4},"sa":{"a":0,"k":0,"ix":5},"nm":"Transform"}],"nm":"Group 227","np":1,"cix":2,"bm":0,"ix":2,"mn":"ADBE Vector Group","hd":false},{"ty":"tr","p":{"a":0,"k":[122.987,146.84],"ix":2},"a":{"a":0,"k":[122.987,146.84],"ix":1},"s":{"a":0,"k":[100,100],"ix":3},"r":{"a":0,"k":0,"ix":6},"o":{"a":0,"k":100,"ix":7},"sk":{"a":0,"k":0,"ix":4},"sa":{"a":0,"k":0,"ix":5},"nm":"Transform"}],"nm":"Group 26 :M","np":2,"cix":2,"bm":0,"ix":1,"mn":"ADBE Vector Group","hd":false}],"ip":0,"op":21,"st":0,"bm":0},{"ddd":0,"ind":15,"ty":4,"nm":"Group 28 :M","sr":1,"ks":{"o":{"a":0,"k":100,"ix":11},"r":{"a":1,"k":[{"i":{"x":[0.667],"y":[1]},"o":{"x":[0.333],"y":[0]},"t":-7,"s":[0]},{"i":{"x":[0.667],"y":[1]},"o":{"x":[0.333],"y":[0]},"t":3,"s":[4.3]},{"i":{"x":[0.667],"y":[1]},"o":{"x":[0.333],"y":[0]},"t":13,"s":[0]},{"i":{"x":[0.667],"y":[1]},"o":{"x":[0.333],"y":[0]},"t":23,"s":[4.3]},{"t":33,"s":[0]}],"ix":10},"p":{"a":1,"k":[{"i":{"x":0.667,"y":1},"o":{"x":0.333,"y":0},"t":-15,"s":[107.266,98.738,0],"to":[-1.583,0,0],"ti":[0,0,0]},{"i":{"x":0.667,"y":1},"o":{"x":0.333,"y":0},"t":-5,"s":[97.766,98.738,0],"to":[0,0,0],"ti":[0,0,0]},{"i":{"x":0.667,"y":1},"o":{"x":0.333,"y":0},"t":5,"s":[107.266,98.738,0],"to":[0,0,0],"ti":[0,0,0]},{"i":{"x":0.667,"y":1},"o":{"x":0.333,"y":0},"t":15,"s":[97.766,98.738,0],"to":[0,0,0],"ti":[0,0,0]},{"i":{"x":0.667,"y":1},"o":{"x":0.333,"y":0},"t":25,"s":[107.266,98.738,0],"to":[0,0,0],"ti":[0,0,0]},{"i":{"x":0.667,"y":1},"o":{"x":0.333,"y":0},"t":35,"s":[97.766,98.738,0],"to":[0,0,0],"ti":[-1.583,0,0]},{"t":45,"s":[107.266,98.738,0]}],"ix":2},"a":{"a":0,"k":[96.266,98.738,0],"ix":1},"s":{"a":0,"k":[100,100,100],"ix":6}},"ao":0,"shapes":[{"ty":"gr","it":[{"ty":"gr","it":[{"ind":0,"ty":"sh","ix":1,"ks":{"a":0,"k":{"i":[[-0.286,0.731],[0.167,-0.765],[0.34,-2.086],[0.257,-1.61],[0.209,-0.754],[-0.121,0.778],[-0.37,2.184],[-0.287,1.413]],"o":[[-0.009,0.783],[-0.264,1.61],[-0.34,2.086],[-0.068,0.779],[-0.076,-0.783],[0.136,-1.443],[0.37,-2.184],[0.116,-0.776]],"v":[[-9.495,-61.431],[-9.759,-59.104],[-10.666,-53.526],[-11.55,-47.956],[-11.966,-45.651],[-11.898,-48.002],[-11.142,-53.609],[-10.099,-59.164]],"c":true},"ix":2},"nm":"Path 1","mn":"ADBE Vector Shape - Group","hd":false},{"ty":"fl","c":{"a":0,"k":[0.149019613862,0.196078434587,0.219607844949,1],"ix":4},"o":{"a":0,"k":100,"ix":5},"r":1,"bm":0,"nm":"Fill 1","mn":"ADBE Vector Graphic - Fill","hd":false},{"ty":"tr","p":{"a":0,"k":[0,0],"ix":2},"a":{"a":0,"k":[0,0],"ix":1},"s":{"a":0,"k":[100,100],"ix":3},"r":{"a":0,"k":0,"ix":6},"o":{"a":0,"k":100,"ix":7},"sk":{"a":0,"k":0,"ix":4},"sa":{"a":0,"k":0,"ix":5},"nm":"Transform"}],"nm":"Group 28","np":2,"cix":2,"bm":0,"ix":1,"mn":"ADBE Vector Group","hd":false},{"ty":"tr","p":{"a":0,"k":[101.131,81.138],"ix":2},"a":{"a":0,"k":[-10.752,-53.541],"ix":1},"s":{"a":0,"k":[222,222],"ix":3},"r":{"a":0,"k":0,"ix":6},"o":{"a":0,"k":100,"ix":7},"sk":{"a":0,"k":0,"ix":4},"sa":{"a":0,"k":0,"ix":5},"nm":"Transform"}],"nm":"Group 228","np":1,"cix":2,"bm":0,"ix":1,"mn":"ADBE Vector Group","hd":false},{"ty":"gr","it":[{"ty":"gr","it":[{"ind":0,"ty":"sh","ix":1,"ks":{"a":0,"k":{"i":[[4.723,-11.367],[-7.089,7.399],[-0.079,0.022],[-0.079,-0.023],[-0.055,-0.061],[-0.014,-0.081]],"o":[[0,0],[0.055,-0.061],[0.079,-0.022],[0.079,0.023],[0.055,0.061],[0.355,2.086]],"v":[[-11.845,-45.613],[-8.708,-65.641],[-8.503,-65.768],[-8.262,-65.767],[-8.058,-65.638],[-7.953,-65.422]],"c":true},"ix":2},"nm":"Path 1","mn":"ADBE Vector Shape - Group","hd":false},{"ty":"fl","c":{"a":0,"k":[0.101960785687,0.57647061348,0.435294121504,1],"ix":4},"o":{"a":0,"k":100,"ix":5},"r":1,"bm":0,"nm":"Fill 1","mn":"ADBE Vector Graphic - Fill","hd":false},{"ty":"tr","p":{"a":0,"k":[0,0],"ix":2},"a":{"a":0,"k":[0,0],"ix":1},"s":{"a":0,"k":[100,100],"ix":3},"r":{"a":0,"k":0,"ix":6},"o":{"a":0,"k":100,"ix":7},"sk":{"a":0,"k":0,"ix":4},"sa":{"a":0,"k":0,"ix":5},"nm":"Transform"}],"nm":"Group 29","np":2,"cix":2,"bm":0,"ix":1,"mn":"ADBE Vector Group","hd":false},{"ty":"tr","p":{"a":0,"k":[102.039,76.349],"ix":2},"a":{"a":0,"k":[-10.343,-55.699],"ix":1},"s":{"a":0,"k":[222,222],"ix":3},"r":{"a":0,"k":0,"ix":6},"o":{"a":0,"k":100,"ix":7},"sk":{"a":0,"k":0,"ix":4},"sa":{"a":0,"k":0,"ix":5},"nm":"Transform"}],"nm":"Group 229","np":1,"cix":2,"bm":0,"ix":2,"mn":"ADBE Vector Group","hd":false}],"ip":0,"op":21,"st":0,"bm":0},{"ddd":0,"ind":16,"ty":0,"nm":"Pre-comp 2","refId":"comp_1","sr":1,"ks":{"o":{"a":0,"k":100,"ix":11},"r":{"a":0,"k":0,"ix":10},"p":{"a":0,"k":[125,200,0],"ix":2},"a":{"a":0,"k":[125,200,0],"ix":1},"s":{"a":0,"k":[100,100,100],"ix":6}},"ao":0,"w":250,"h":400,"ip":0,"op":21,"st":0,"bm":0},{"ddd":0,"ind":17,"ty":0,"nm":"Pre-comp 1","refId":"comp_2","sr":1,"ks":{"o":{"a":0,"k":100,"ix":11},"r":{"a":0,"k":0,"ix":10},"p":{"a":0,"k":[125,200,0],"ix":2},"a":{"a":0,"k":[125,200,0],"ix":1},"s":{"a":0,"k":[100,100,100],"ix":6}},"ao":0,"w":250,"h":400,"ip":0,"op":21,"st":0,"bm":0},{"ddd":0,"ind":18,"ty":0,"nm":"BG2","refId":"comp_3","sr":1,"ks":{"o":{"a":0,"k":100,"ix":11},"r":{"a":0,"k":0,"ix":10},"p":{"a":0,"k":[125,200,0],"ix":2},"a":{"a":0,"k":[125,200,0],"ix":1},"s":{"a":0,"k":[100,100,100],"ix":6}},"ao":0,"tm":{"a":1,"k":[{"i":{"x":[0.833],"y":[0.833]},"o":{"x":[0.167],"y":[0.167]},"t":0,"s":[0]},{"t":20,"s":[0.667],"h":1}],"ix":2},"w":250,"h":400,"ip":0,"op":21,"st":0,"bm":0}]},{"id":"comp_1","layers":[{"ddd":0,"ind":1,"ty":4,"nm":"Shape Layer 2","sr":1,"ks":{"o":{"a":0,"k":100,"ix":11},"r":{"a":0,"k":0,"ix":10},"p":{"a":0,"k":[99.962,174.125,0],"ix":2},"a":{"a":0,"k":[-25.038,-25.875,0],"ix":1},"s":{"a":0,"k":[100,100,100],"ix":6}},"ao":0,"shapes":[{"ty":"gr","it":[{"ind":0,"ty":"sh","ix":1,"ks":{"a":1,"k":[{"i":{"x":0.833,"y":0.833},"o":{"x":0.167,"y":0.167},"t":0,"s":[{"i":[[0,0],[1,33.75],[0,30],[0,40],[0,0]],"o":[[8.938,-33.563],[-1.5,-22.5],[0,-30],[0,-20.25],[0,0]],"v":[[-9.25,125.5],[-26.5,9.5],[-8.839,-67],[-36.273,-143.5],[-38.5,-177.25]],"c":false}]},{"i":{"x":0.833,"y":0.833},"o":{"x":0.167,"y":0.167},"t":1,"s":[{"i":[[0,0],[1,33.75],[0,30],[0,40],[0,0]],"o":[[8.938,-33.563],[-1.5,-22.5],[0,-30],[0,-20.25],[0,0]],"v":[[-9.25,125.5],[-26.36,9.5],[-7.479,-67],[-34.912,-143.5],[-38.5,-177.25]],"c":false}]},{"i":{"x":0.833,"y":0.833},"o":{"x":0.167,"y":0.167},"t":2,"s":[{"i":[[0,0],[1,33.75],[0,30],[0,40],[0,0]],"o":[[8.938,-33.563],[-1.5,-22.5],[0,-30],[0,-20.25],[0,0]],"v":[[-9.25,125.5],[-25.973,9.5],[-6.002,-67],[-33.794,-143.5],[-38.083,-177.25]],"c":false}]},{"i":{"x":0.833,"y":0.833},"o":{"x":0.167,"y":0.167},"t":3,"s":[{"i":[[0,0],[1,33.75],[0,30],[0,40],[0,0]],"o":[[8.938,-33.563],[-1.5,-22.5],[0,-30],[0,-20.25],[0,0]],"v":[[-9.25,125.5],[-25.418,9.5],[-4.523,-67],[-33.028,-143.5],[-36.94,-177.25]],"c":false}]},{"i":{"x":0.833,"y":0.833},"o":{"x":0.167,"y":0.167},"t":4,"s":[{"i":[[0,0],[1,33.75],[0,30],[0,40],[0,0]],"o":[[8.938,-33.563],[-1.5,-22.5],[0,-30],[0,-20.25],[0,0]],"v":[[-9.25,125.5],[-24.74,9.5],[-3.162,-67],[-32.75,-143.5],[-35.259,-177.25]],"c":false}]},{"i":{"x":0.833,"y":0.833},"o":{"x":0.167,"y":0.167},"t":5,"s":[{"i":[[0,0],[1,33.75],[0,30],[0,40],[0,0]],"o":[[8.938,-33.563],[-1.5,-22.5],[0,-30],[0,-20.25],[0,0]],"v":[[-9.25,125.5],[-24.001,9.5],[-2.044,-67],[-33.032,-143.5],[-33.219,-177.25]],"c":false}]},{"i":{"x":0.833,"y":0.833},"o":{"x":0.167,"y":0.167},"t":6,"s":[{"i":[[0,0],[1,33.75],[0,30],[0,40],[0,0]],"o":[[8.938,-33.563],[-1.5,-22.5],[0,-30],[0,-20.25],[0,0]],"v":[[-9.25,125.5],[-23.261,9.5],[-1.278,-67],[-33.791,-143.5],[-31.003,-177.25]],"c":false}]},{"i":{"x":0.833,"y":0.833},"o":{"x":0.167,"y":0.167},"t":7,"s":[{"i":[[0,0],[1,33.75],[0,30],[0,40],[0,0]],"o":[[8.938,-33.563],[-1.5,-22.5],[0,-30],[0,-20.25],[0,0]],"v":[[-9.25,125.5],[-22.581,9.5],[-1,-67],[-34.91,-143.5],[-28.784,-177.25]],"c":false}]},{"i":{"x":0.833,"y":0.833},"o":{"x":0.167,"y":0.167},"t":8,"s":[{"i":[[0,0],[1,33.75],[0,30],[0,40],[0,0]],"o":[[8.938,-33.563],[-1.5,-22.5],[0,-30],[0,-20.25],[0,0]],"v":[[-9.25,125.5],[-22.022,9.5],[-1.282,-67],[-36.275,-143.5],[-26.743,-177.25]],"c":false}]},{"i":{"x":0.833,"y":0.833},"o":{"x":0.167,"y":0.167},"t":9,"s":[{"i":[[0,0],[1,33.75],[0,30],[0,40],[0,0]],"o":[[8.938,-33.563],[-1.5,-22.5],[0,-30],[0,-20.25],[0,0]],"v":[[-9.25,125.5],[-21.639,9.5],[-2.041,-67],[-37.745,-143.5],[-25.065,-177.25]],"c":false}]},{"i":{"x":0.833,"y":0.833},"o":{"x":0.167,"y":0.167},"t":10,"s":[{"i":[[0,0],[1,33.75],[0,30],[0,40],[0,0]],"o":[[8.938,-33.563],[-1.5,-22.5],[0,-30],[0,-20.25],[0,0]],"v":[[-9.25,125.5],[-21.5,9.5],[-3.16,-67],[-39.218,-143.5],[-23.917,-177.25]],"c":false}]},{"i":{"x":0.833,"y":0.833},"o":{"x":0.167,"y":0.167},"t":11,"s":[{"i":[[0,0],[1,33.75],[0,30],[0,40],[0,0]],"o":[[8.938,-33.563],[-1.5,-22.5],[0,-30],[0,-20.25],[0,0]],"v":[[-9.25,125.5],[-21.644,9.5],[-4.525,-67],[-40.589,-143.5],[-23.5,-177.25]],"c":false}]},{"i":{"x":0.833,"y":0.833},"o":{"x":0.167,"y":0.167},"t":12,"s":[{"i":[[0,0],[1,33.75],[0,30],[0,40],[0,0]],"o":[[8.938,-33.563],[-1.5,-22.5],[0,-30],[0,-20.25],[0,0]],"v":[[-9.25,125.5],[-22.027,9.5],[-5.995,-67],[-41.707,-143.5],[-23.92,-177.25]],"c":false}]},{"i":{"x":0.833,"y":0.833},"o":{"x":0.167,"y":0.167},"t":13,"s":[{"i":[[0,0],[1,33.75],[0,30],[0,40],[0,0]],"o":[[8.938,-33.563],[-1.5,-22.5],[0,-30],[0,-20.25],[0,0]],"v":[[-9.25,125.5],[-22.581,9.5],[-7.468,-67],[-42.467,-143.5],[-25.06,-177.25]],"c":false}]},{"i":{"x":0.833,"y":0.833},"o":{"x":0.167,"y":0.167},"t":14,"s":[{"i":[[0,0],[1,33.75],[0,30],[0,40],[0,0]],"o":[[8.938,-33.563],[-1.5,-22.5],[0,-30],[0,-20.25],[0,0]],"v":[[-9.25,125.5],[-23.266,9.5],[-8.839,-67],[-42.75,-143.5],[-26.741,-177.25]],"c":false}]},{"i":{"x":0.833,"y":0.833},"o":{"x":0.167,"y":0.167},"t":15,"s":[{"i":[[0,0],[1,33.75],[0,30],[0,40],[0,0]],"o":[[8.938,-33.563],[-1.5,-22.5],[0,-30],[0,-20.25],[0,0]],"v":[[-9.25,125.5],[-24.002,9.5],[-9.957,-67],[-42.467,-143.5],[-28.78,-177.25]],"c":false}]},{"i":{"x":0.833,"y":0.833},"o":{"x":0.167,"y":0.167},"t":16,"s":[{"i":[[0,0],[1,33.75],[0,30],[0,40],[0,0]],"o":[[8.938,-33.563],[-1.5,-22.5],[0,-30],[0,-20.25],[0,0]],"v":[[-9.25,125.5],[-24.737,9.5],[-10.717,-67],[-41.707,-143.5],[-30.992,-177.25]],"c":false}]},{"i":{"x":0.833,"y":0.833},"o":{"x":0.167,"y":0.167},"t":17,"s":[{"i":[[0,0],[1,33.75],[0,30],[0,40],[0,0]],"o":[[8.938,-33.563],[-1.5,-22.5],[0,-30],[0,-20.25],[0,0]],"v":[[-9.25,125.5],[-25.42,9.5],[-11,-67],[-40.589,-143.5],[-33.207,-177.25]],"c":false}]},{"i":{"x":0.833,"y":0.833},"o":{"x":0.167,"y":0.167},"t":18,"s":[{"i":[[0,0],[1,33.75],[0,30],[0,40],[0,0]],"o":[[8.938,-33.563],[-1.5,-22.5],[0,-30],[0,-20.25],[0,0]],"v":[[-9.25,125.5],[-25.977,9.5],[-10.717,-67],[-39.218,-143.5],[-35.26,-177.25]],"c":false}]},{"i":{"x":0.833,"y":0.833},"o":{"x":0.167,"y":0.167},"t":19,"s":[{"i":[[0,0],[1,33.75],[0,30],[0,40],[0,0]],"o":[[8.938,-33.563],[-1.5,-22.5],[0,-30],[0,-20.25],[0,0]],"v":[[-9.25,125.5],[-26.357,9.5],[-9.957,-67],[-37.745,-143.5],[-36.939,-177.25]],"c":false}]},{"t":20,"s":[{"i":[[0,0],[1,33.75],[0,30],[0,40],[0,0]],"o":[[8.938,-33.563],[-1.5,-22.5],[0,-30],[0,-20.25],[0,0]],"v":[[-9.25,125.5],[-26.5,9.5],[-8.839,-67],[-36.275,-143.5],[-38.078,-177.25]],"c":false}]}],"ix":2},"nm":"Path 1","mn":"ADBE Vector Shape - Group","hd":false},{"ty":"st","c":{"a":0,"k":[0.152941176471,0.20000001496,0.219607858097,1],"ix":3},"o":{"a":0,"k":100,"ix":4},"w":{"a":0,"k":1,"ix":5},"lc":1,"lj":1,"ml":4,"bm":0,"nm":"Stroke 1","mn":"ADBE Vector Graphic - Stroke","hd":false},{"ty":"tr","p":{"a":0,"k":[0,0],"ix":2},"a":{"a":0,"k":[0,0],"ix":1},"s":{"a":0,"k":[100,100],"ix":3},"r":{"a":0,"k":0,"ix":6},"o":{"a":0,"k":100,"ix":7},"sk":{"a":0,"k":0,"ix":4},"sa":{"a":0,"k":0,"ix":5},"nm":"Transform"}],"nm":"Shape 1","np":3,"cix":2,"bm":0,"ix":1,"mn":"ADBE Vector Group","hd":false}],"ip":0,"op":21,"st":0,"bm":0}]},{"id":"comp_2","layers":[{"ddd":0,"ind":1,"ty":4,"nm":"Shape Layer 1","sr":1,"ks":{"o":{"a":0,"k":100,"ix":11},"r":{"a":0,"k":0,"ix":10},"p":{"a":0,"k":[144.25,230.75,0],"ix":2},"a":{"a":0,"k":[19.25,30.75,0],"ix":1},"s":{"a":0,"k":[100,100,100],"ix":6}},"ao":0,"shapes":[{"ty":"gr","it":[{"ind":0,"ty":"sh","ix":1,"ks":{"a":1,"k":[{"i":{"x":0.833,"y":0.833},"o":{"x":0.167,"y":0.167},"t":0,"s":[{"i":[[0,0],[-18.75,20],[0,2.5]],"o":[[0,0],[18.75,-20],[0,0]],"v":[[-6.25,96],[23.839,36.5],[44.75,-34.5]],"c":false}]},{"i":{"x":0.833,"y":0.833},"o":{"x":0.167,"y":0.167},"t":1,"s":[{"i":[[0,0],[-18.75,20],[0,2.5]],"o":[[0,0],[18.75,-20],[0,0]],"v":[[-6.25,96],[22.479,36.5],[44.472,-34.5]],"c":false}]},{"i":{"x":0.833,"y":0.833},"o":{"x":0.167,"y":0.167},"t":2,"s":[{"i":[[0,0],[-18.75,20],[0,2.5]],"o":[[0,0],[18.75,-20],[0,0]],"v":[[-6.25,96],[21.002,36.5],[43.71,-34.5]],"c":false}]},{"i":{"x":0.833,"y":0.833},"o":{"x":0.167,"y":0.167},"t":3,"s":[{"i":[[0,0],[-18.75,20],[0,2.5]],"o":[[0,0],[18.75,-20],[0,0]],"v":[[-6.25,96],[19.523,36.5],[42.589,-34.5]],"c":false}]},{"i":{"x":0.833,"y":0.833},"o":{"x":0.167,"y":0.167},"t":4,"s":[{"i":[[0,0],[-18.75,20],[0,2.5]],"o":[[0,0],[18.75,-20],[0,0]],"v":[[-6.25,96],[18.162,36.5],[41.229,-34.5]],"c":false}]},{"i":{"x":0.833,"y":0.833},"o":{"x":0.167,"y":0.167},"t":5,"s":[{"i":[[0,0],[-18.75,20],[0,2.5]],"o":[[0,0],[18.75,-20],[0,0]],"v":[[-6.25,96],[17.044,36.5],[39.752,-34.5]],"c":false}]},{"i":{"x":0.833,"y":0.833},"o":{"x":0.167,"y":0.167},"t":6,"s":[{"i":[[0,0],[-18.75,20],[0,2.5]],"o":[[0,0],[18.75,-20],[0,0]],"v":[[-6.25,96],[16.278,36.5],[38.273,-34.5]],"c":false}]},{"i":{"x":0.833,"y":0.833},"o":{"x":0.167,"y":0.167},"t":7,"s":[{"i":[[0,0],[-18.75,20],[0,2.5]],"o":[[0,0],[18.75,-20],[0,0]],"v":[[-6.25,96],[16,36.5],[36.912,-34.5]],"c":false}]},{"i":{"x":0.833,"y":0.833},"o":{"x":0.167,"y":0.167},"t":8,"s":[{"i":[[0,0],[-18.75,20],[0,2.5]],"o":[[0,0],[18.75,-20],[0,0]],"v":[[-6.25,96],[16.283,36.5],[35.794,-34.5]],"c":false}]},{"i":{"x":0.833,"y":0.833},"o":{"x":0.167,"y":0.167},"t":9,"s":[{"i":[[0,0],[-18.75,20],[0,2.5]],"o":[[0,0],[18.75,-20],[0,0]],"v":[[-6.25,96],[17.043,36.5],[35.028,-34.5]],"c":false}]},{"i":{"x":0.833,"y":0.833},"o":{"x":0.167,"y":0.167},"t":10,"s":[{"i":[[0,0],[-18.75,20],[0,2.5]],"o":[[0,0],[18.75,-20],[0,0]],"v":[[-6.25,96],[18.161,36.5],[34.75,-34.5]],"c":false}]},{"i":{"x":0.833,"y":0.833},"o":{"x":0.167,"y":0.167},"t":11,"s":[{"i":[[0,0],[-18.75,20],[0,2.5]],"o":[[0,0],[18.75,-20],[0,0]],"v":[[-6.25,96],[19.532,36.5],[35.033,-34.5]],"c":false}]},{"i":{"x":0.833,"y":0.833},"o":{"x":0.167,"y":0.167},"t":12,"s":[{"i":[[0,0],[-18.75,20],[0,2.5]],"o":[[0,0],[18.75,-20],[0,0]],"v":[[-6.25,96],[21.005,36.5],[35.793,-34.5]],"c":false}]},{"i":{"x":0.833,"y":0.833},"o":{"x":0.167,"y":0.167},"t":13,"s":[{"i":[[0,0],[-18.75,20],[0,2.5]],"o":[[0,0],[18.75,-20],[0,0]],"v":[[-6.25,96],[22.475,36.5],[36.911,-34.5]],"c":false}]},{"i":{"x":0.833,"y":0.833},"o":{"x":0.167,"y":0.167},"t":14,"s":[{"i":[[0,0],[-18.75,20],[0,2.5]],"o":[[0,0],[18.75,-20],[0,0]],"v":[[-6.25,96],[23.84,36.5],[38.282,-34.5]],"c":false}]},{"i":{"x":0.833,"y":0.833},"o":{"x":0.167,"y":0.167},"t":15,"s":[{"i":[[0,0],[-18.75,20],[0,2.5]],"o":[[0,0],[18.75,-20],[0,0]],"v":[[-6.25,96],[24.959,36.5],[39.755,-34.5]],"c":false}]},{"i":{"x":0.833,"y":0.833},"o":{"x":0.167,"y":0.167},"t":16,"s":[{"i":[[0,0],[-18.75,20],[0,2.5]],"o":[[0,0],[18.75,-20],[0,0]],"v":[[-6.25,96],[25.718,36.5],[41.225,-34.5]],"c":false}]},{"i":{"x":0.833,"y":0.833},"o":{"x":0.167,"y":0.167},"t":17,"s":[{"i":[[0,0],[-18.75,20],[0,2.5]],"o":[[0,0],[18.75,-20],[0,0]],"v":[[-6.25,96],[26,36.5],[42.59,-34.5]],"c":false}]},{"i":{"x":0.833,"y":0.833},"o":{"x":0.167,"y":0.167},"t":18,"s":[{"i":[[0,0],[-18.75,20],[0,2.5]],"o":[[0,0],[18.75,-20],[0,0]],"v":[[-6.25,96],[25.718,36.5],[43.709,-34.5]],"c":false}]},{"i":{"x":0.833,"y":0.833},"o":{"x":0.167,"y":0.167},"t":19,"s":[{"i":[[0,0],[-18.75,20],[0,2.5]],"o":[[0,0],[18.75,-20],[0,0]],"v":[[-6.25,96],[24.959,36.5],[44.468,-34.5]],"c":false}]},{"t":20,"s":[{"i":[[0,0],[-18.75,20],[0,2.5]],"o":[[0,0],[18.75,-20],[0,0]],"v":[[-6.25,96],[23.84,36.5],[44.75,-34.5]],"c":false}]}],"ix":2},"nm":"Path 1","mn":"ADBE Vector Shape - Group","hd":false},{"ty":"st","c":{"a":0,"k":[0.152941176471,0.20000001496,0.219607858097,1],"ix":3},"o":{"a":0,"k":100,"ix":4},"w":{"a":0,"k":1,"ix":5},"lc":1,"lj":1,"ml":4,"bm":0,"nm":"Stroke 1","mn":"ADBE Vector Graphic - Stroke","hd":false},{"ty":"tr","p":{"a":0,"k":[0,0],"ix":2},"a":{"a":0,"k":[0,0],"ix":1},"s":{"a":0,"k":[100,100],"ix":3},"r":{"a":0,"k":0,"ix":6},"o":{"a":0,"k":100,"ix":7},"sk":{"a":0,"k":0,"ix":4},"sa":{"a":0,"k":0,"ix":5},"nm":"Transform"}],"nm":"Shape 1","np":3,"cix":2,"bm":0,"ix":1,"mn":"ADBE Vector Group","hd":false}],"ip":0,"op":21,"st":0,"bm":0}]},{"id":"comp_3","layers":[{"ddd":0,"ind":1,"ty":4,"nm":"BG 2","sr":1,"ks":{"o":{"a":0,"k":25,"ix":11},"r":{"a":0,"k":0,"ix":10},"p":{"a":0,"k":[121.135,312.508,0],"ix":2},"a":{"a":0,"k":[-1.741,50.679,0],"ix":1},"s":{"a":0,"k":[222,222,100],"ix":6}},"ao":0,"shapes":[{"ty":"gr","it":[{"ind":0,"ty":"sh","ix":1,"ks":{"a":1,"k":[{"i":{"x":0.833,"y":0.833},"o":{"x":0.167,"y":0.167},"t":0,"s":[{"i":[[24.938,-4.063],[-0.438,12.75],[-15.625,0.875],[-3.125,-8.438]],"o":[[-19.938,3.25],[2.563,-11.938],[4.25,-0.25],[4.5,12.188]],"v":[[-10.714,71.253],[-29.479,44.917],[-0.468,31.469],[20.496,44.407]],"c":true}]},{"i":{"x":0.833,"y":0.833},"o":{"x":0.167,"y":0.167},"t":1,"s":[{"i":[[24.938,-4.063],[-0.438,12.75],[-15.625,0.875],[-3.125,-8.438]],"o":[[-19.938,3.25],[2.563,-11.938],[4.25,-0.25],[4.5,12.188]],"v":[[-10.94,71.102],[-29.314,45.347],[-0.691,31.246],[20.383,44.426]],"c":true}]},{"i":{"x":0.833,"y":0.833},"o":{"x":0.167,"y":0.167},"t":2,"s":[{"i":[[24.938,-4.063],[-0.438,12.75],[-15.625,0.875],[-3.125,-8.438]],"o":[[-19.938,3.25],[2.563,-11.938],[4.25,-0.25],[4.5,12.188]],"v":[[-11.096,70.999],[-29.148,45.778],[-1.017,30.92],[20.498,44.407]],"c":true}]},{"i":{"x":0.833,"y":0.833},"o":{"x":0.167,"y":0.167},"t":3,"s":[{"i":[[24.938,-4.063],[-0.438,12.75],[-15.625,0.875],[-3.125,-8.438]],"o":[[-19.938,3.25],[2.563,-11.938],[4.25,-0.25],[4.5,12.188]],"v":[[-11.152,70.961],[-28.993,46.18],[-1.417,30.521],[20.806,44.355]],"c":true}]},{"i":{"x":0.833,"y":0.833},"o":{"x":0.167,"y":0.167},"t":4,"s":[{"i":[[24.938,-4.063],[-0.438,12.75],[-15.625,0.875],[-3.125,-8.438]],"o":[[-19.938,3.25],[2.563,-11.938],[4.25,-0.25],[4.5,12.188]],"v":[[-11.094,71],[-28.867,46.507],[-1.847,30.09],[21.26,44.28]],"c":true}]},{"i":{"x":0.833,"y":0.833},"o":{"x":0.167,"y":0.167},"t":5,"s":[{"i":[[24.938,-4.063],[-0.438,12.75],[-15.625,0.875],[-3.125,-8.438]],"o":[[-19.938,3.25],[2.563,-11.938],[4.25,-0.25],[4.5,12.188]],"v":[[-10.94,71.103],[-28.782,46.73],[-2.278,29.659],[21.815,44.187]],"c":true}]},{"i":{"x":0.833,"y":0.833},"o":{"x":0.167,"y":0.167},"t":6,"s":[{"i":[[24.938,-4.063],[-0.438,12.75],[-15.625,0.875],[-3.125,-8.438]],"o":[[-19.938,3.25],[2.563,-11.938],[4.25,-0.25],[4.5,12.188]],"v":[[-10.714,71.253],[-28.75,46.813],[-2.68,29.258],[22.412,44.088]],"c":true}]},{"i":{"x":0.833,"y":0.833},"o":{"x":0.167,"y":0.167},"t":7,"s":[{"i":[[24.938,-4.063],[-0.438,12.75],[-15.625,0.875],[-3.125,-8.438]],"o":[[-19.938,3.25],[2.563,-11.938],[4.25,-0.25],[4.5,12.188]],"v":[[-10.437,71.438],[-28.782,46.73],[-3.007,28.93],[23.008,43.988]],"c":true}]},{"i":{"x":0.833,"y":0.833},"o":{"x":0.167,"y":0.167},"t":8,"s":[{"i":[[24.938,-4.063],[-0.438,12.75],[-15.625,0.875],[-3.125,-8.438]],"o":[[-19.938,3.25],[2.563,-11.938],[4.25,-0.25],[4.5,12.188]],"v":[[-10.139,71.636],[-28.867,46.507],[-3.23,28.708],[23.562,43.896]],"c":true}]},{"i":{"x":0.833,"y":0.833},"o":{"x":0.167,"y":0.167},"t":9,"s":[{"i":[[24.938,-4.063],[-0.438,12.75],[-15.625,0.875],[-3.125,-8.438]],"o":[[-19.938,3.25],[2.563,-11.938],[4.25,-0.25],[4.5,12.188]],"v":[[-9.841,71.835],[-28.993,46.18],[-3.313,28.625],[24.013,43.821]],"c":true}]},{"i":{"x":0.833,"y":0.833},"o":{"x":0.167,"y":0.167},"t":10,"s":[{"i":[[24.938,-4.063],[-0.438,12.75],[-15.625,0.875],[-3.125,-8.438]],"o":[[-19.938,3.25],[2.563,-11.938],[4.25,-0.25],[4.5,12.188]],"v":[[-9.563,72.02],[-29.148,45.778],[-3.23,28.708],[24.322,43.769]],"c":true}]},{"i":{"x":0.833,"y":0.833},"o":{"x":0.167,"y":0.167},"t":11,"s":[{"i":[[24.938,-4.063],[-0.438,12.75],[-15.625,0.875],[-3.125,-8.438]],"o":[[-19.938,3.25],[2.563,-11.938],[4.25,-0.25],[4.5,12.188]],"v":[[-9.339,72.17],[-29.314,45.347],[-3.007,28.93],[24.438,43.75]],"c":true}]},{"i":{"x":0.833,"y":0.833},"o":{"x":0.167,"y":0.167},"t":12,"s":[{"i":[[24.938,-4.063],[-0.438,12.75],[-15.625,0.875],[-3.125,-8.438]],"o":[[-19.938,3.25],[2.563,-11.938],[4.25,-0.25],[4.5,12.188]],"v":[[-9.184,72.273],[-29.479,44.917],[-2.68,29.258],[24.322,43.769]],"c":true}]},{"i":{"x":0.833,"y":0.833},"o":{"x":0.167,"y":0.167},"t":13,"s":[{"i":[[24.938,-4.063],[-0.438,12.75],[-15.625,0.875],[-3.125,-8.438]],"o":[[-19.938,3.25],[2.563,-11.938],[4.25,-0.25],[4.5,12.188]],"v":[[-9.125,72.313],[-29.633,44.517],[-2.278,29.659],[24.013,43.821]],"c":true}]},{"i":{"x":0.833,"y":0.833},"o":{"x":0.167,"y":0.167},"t":14,"s":[{"i":[[24.938,-4.063],[-0.438,12.75],[-15.625,0.875],[-3.125,-8.438]],"o":[[-19.938,3.25],[2.563,-11.938],[4.25,-0.25],[4.5,12.188]],"v":[[-9.183,72.274],[-29.758,44.191],[-1.847,30.09],[23.562,43.896]],"c":true}]},{"i":{"x":0.833,"y":0.833},"o":{"x":0.167,"y":0.167},"t":15,"s":[{"i":[[24.938,-4.063],[-0.438,12.75],[-15.625,0.875],[-3.125,-8.438]],"o":[[-19.938,3.25],[2.563,-11.938],[4.25,-0.25],[4.5,12.188]],"v":[[-9.337,72.171],[-29.844,43.968],[-1.417,30.521],[23.008,43.988]],"c":true}]},{"i":{"x":0.833,"y":0.833},"o":{"x":0.167,"y":0.167},"t":16,"s":[{"i":[[24.938,-4.063],[-0.438,12.75],[-15.625,0.875],[-3.125,-8.438]],"o":[[-19.938,3.25],[2.563,-11.938],[4.25,-0.25],[4.5,12.188]],"v":[[-9.563,72.021],[-29.876,43.885],[-1.017,30.92],[22.412,44.088]],"c":true}]},{"i":{"x":0.833,"y":0.833},"o":{"x":0.167,"y":0.167},"t":17,"s":[{"i":[[24.938,-4.063],[-0.438,12.75],[-15.625,0.875],[-3.125,-8.438]],"o":[[-19.938,3.25],[2.563,-11.938],[4.25,-0.25],[4.5,12.188]],"v":[[-9.84,71.836],[-29.845,43.966],[-0.691,31.246],[21.815,44.187]],"c":true}]},{"i":{"x":0.833,"y":0.833},"o":{"x":0.167,"y":0.167},"t":18,"s":[{"i":[[24.938,-4.063],[-0.438,12.75],[-15.625,0.875],[-3.125,-8.438]],"o":[[-19.938,3.25],[2.563,-11.938],[4.25,-0.25],[4.5,12.188]],"v":[[-10.138,71.637],[-29.759,44.19],[-0.468,31.469],[21.26,44.28]],"c":true}]},{"i":{"x":0.833,"y":0.833},"o":{"x":0.167,"y":0.167},"t":19,"s":[{"i":[[24.938,-4.063],[-0.438,12.75],[-15.625,0.875],[-3.125,-8.438]],"o":[[-19.938,3.25],[2.563,-11.938],[4.25,-0.25],[4.5,12.188]],"v":[[-10.436,71.438],[-29.633,44.518],[-0.385,31.553],[20.806,44.355]],"c":true}]},{"t":20,"s":[{"i":[[24.938,-4.063],[-0.438,12.75],[-15.625,0.875],[-3.125,-8.438]],"o":[[-19.938,3.25],[2.563,-11.938],[4.25,-0.25],[4.5,12.188]],"v":[[-10.714,71.253],[-29.479,44.916],[-0.468,31.469],[20.498,44.407]],"c":true}]}],"ix":2},"nm":"Path 1","mn":"ADBE Vector Shape - Group","hd":false},{"ty":"fl","c":{"a":0,"k":[0.533333361149,0.831372559071,0.596078455448,1],"ix":4},"o":{"a":0,"k":100,"ix":5},"r":1,"bm":0,"nm":"Fill 1","mn":"ADBE Vector Graphic - Fill","hd":false},{"ty":"tr","p":{"a":0,"k":[0,0],"ix":2},"a":{"a":0,"k":[0,0],"ix":1},"s":{"a":0,"k":[100,100],"ix":3},"r":{"a":0,"k":0,"ix":6},"o":{"a":0,"k":100,"ix":7},"sk":{"a":0,"k":0,"ix":4},"sa":{"a":0,"k":0,"ix":5},"nm":"Transform"}],"nm":"Group 31","np":2,"cix":2,"bm":0,"ix":1,"mn":"ADBE Vector Group","hd":false}],"ip":0,"op":21,"st":0,"bm":0},{"ddd":0,"ind":2,"ty":4,"nm":"BG","sr":1,"ks":{"o":{"a":0,"k":100,"ix":11},"r":{"a":0,"k":0,"ix":10},"p":{"a":0,"k":[121.135,312.508,0],"ix":2},"a":{"a":0,"k":[-1.741,50.679,0],"ix":1},"s":{"a":0,"k":[222,222,100],"ix":6}},"ao":0,"shapes":[{"ty":"gr","it":[{"ind":0,"ty":"sh","ix":1,"ks":{"a":1,"k":[{"i":{"x":0.833,"y":0.833},"o":{"x":0.167,"y":0.167},"t":0,"s":[{"i":[[24.938,-4.063],[-0.438,12.75],[-15.625,0.875],[-3.125,-8.438]],"o":[[-19.938,3.25],[2.563,-11.938],[4.25,-0.25],[4.5,12.188]],"v":[[-10.714,71.253],[-29.479,44.917],[-0.468,31.469],[20.496,44.407]],"c":true}]},{"i":{"x":0.833,"y":0.833},"o":{"x":0.167,"y":0.167},"t":1,"s":[{"i":[[24.938,-4.063],[-0.438,12.75],[-15.625,0.875],[-3.125,-8.438]],"o":[[-19.938,3.25],[2.563,-11.938],[4.25,-0.25],[4.5,12.188]],"v":[[-10.94,71.102],[-29.314,45.347],[-0.691,31.246],[20.383,44.426]],"c":true}]},{"i":{"x":0.833,"y":0.833},"o":{"x":0.167,"y":0.167},"t":2,"s":[{"i":[[24.938,-4.063],[-0.438,12.75],[-15.625,0.875],[-3.125,-8.438]],"o":[[-19.938,3.25],[2.563,-11.938],[4.25,-0.25],[4.5,12.188]],"v":[[-11.096,70.999],[-29.148,45.778],[-1.017,30.92],[20.498,44.407]],"c":true}]},{"i":{"x":0.833,"y":0.833},"o":{"x":0.167,"y":0.167},"t":3,"s":[{"i":[[24.938,-4.063],[-0.438,12.75],[-15.625,0.875],[-3.125,-8.438]],"o":[[-19.938,3.25],[2.563,-11.938],[4.25,-0.25],[4.5,12.188]],"v":[[-11.152,70.961],[-28.993,46.18],[-1.417,30.521],[20.806,44.355]],"c":true}]},{"i":{"x":0.833,"y":0.833},"o":{"x":0.167,"y":0.167},"t":4,"s":[{"i":[[24.938,-4.063],[-0.438,12.75],[-15.625,0.875],[-3.125,-8.438]],"o":[[-19.938,3.25],[2.563,-11.938],[4.25,-0.25],[4.5,12.188]],"v":[[-11.094,71],[-28.867,46.507],[-1.847,30.09],[21.26,44.28]],"c":true}]},{"i":{"x":0.833,"y":0.833},"o":{"x":0.167,"y":0.167},"t":5,"s":[{"i":[[24.938,-4.063],[-0.438,12.75],[-15.625,0.875],[-3.125,-8.438]],"o":[[-19.938,3.25],[2.563,-11.938],[4.25,-0.25],[4.5,12.188]],"v":[[-10.94,71.103],[-28.782,46.73],[-2.278,29.659],[21.815,44.187]],"c":true}]},{"i":{"x":0.833,"y":0.833},"o":{"x":0.167,"y":0.167},"t":6,"s":[{"i":[[24.938,-4.063],[-0.438,12.75],[-15.625,0.875],[-3.125,-8.438]],"o":[[-19.938,3.25],[2.563,-11.938],[4.25,-0.25],[4.5,12.188]],"v":[[-10.714,71.253],[-28.75,46.813],[-2.68,29.258],[22.412,44.088]],"c":true}]},{"i":{"x":0.833,"y":0.833},"o":{"x":0.167,"y":0.167},"t":7,"s":[{"i":[[24.938,-4.063],[-0.438,12.75],[-15.625,0.875],[-3.125,-8.438]],"o":[[-19.938,3.25],[2.563,-11.938],[4.25,-0.25],[4.5,12.188]],"v":[[-10.437,71.438],[-28.782,46.73],[-3.007,28.93],[23.008,43.988]],"c":true}]},{"i":{"x":0.833,"y":0.833},"o":{"x":0.167,"y":0.167},"t":8,"s":[{"i":[[24.938,-4.063],[-0.438,12.75],[-15.625,0.875],[-3.125,-8.438]],"o":[[-19.938,3.25],[2.563,-11.938],[4.25,-0.25],[4.5,12.188]],"v":[[-10.139,71.636],[-28.867,46.507],[-3.23,28.708],[23.562,43.896]],"c":true}]},{"i":{"x":0.833,"y":0.833},"o":{"x":0.167,"y":0.167},"t":9,"s":[{"i":[[24.938,-4.063],[-0.438,12.75],[-15.625,0.875],[-3.125,-8.438]],"o":[[-19.938,3.25],[2.563,-11.938],[4.25,-0.25],[4.5,12.188]],"v":[[-9.841,71.835],[-28.993,46.18],[-3.313,28.625],[24.013,43.821]],"c":true}]},{"i":{"x":0.833,"y":0.833},"o":{"x":0.167,"y":0.167},"t":10,"s":[{"i":[[24.938,-4.063],[-0.438,12.75],[-15.625,0.875],[-3.125,-8.438]],"o":[[-19.938,3.25],[2.563,-11.938],[4.25,-0.25],[4.5,12.188]],"v":[[-9.563,72.02],[-29.148,45.778],[-3.23,28.708],[24.322,43.769]],"c":true}]},{"i":{"x":0.833,"y":0.833},"o":{"x":0.167,"y":0.167},"t":11,"s":[{"i":[[24.938,-4.063],[-0.438,12.75],[-15.625,0.875],[-3.125,-8.438]],"o":[[-19.938,3.25],[2.563,-11.938],[4.25,-0.25],[4.5,12.188]],"v":[[-9.339,72.17],[-29.314,45.347],[-3.007,28.93],[24.438,43.75]],"c":true}]},{"i":{"x":0.833,"y":0.833},"o":{"x":0.167,"y":0.167},"t":12,"s":[{"i":[[24.938,-4.063],[-0.438,12.75],[-15.625,0.875],[-3.125,-8.438]],"o":[[-19.938,3.25],[2.563,-11.938],[4.25,-0.25],[4.5,12.188]],"v":[[-9.184,72.273],[-29.479,44.917],[-2.68,29.258],[24.322,43.769]],"c":true}]},{"i":{"x":0.833,"y":0.833},"o":{"x":0.167,"y":0.167},"t":13,"s":[{"i":[[24.938,-4.063],[-0.438,12.75],[-15.625,0.875],[-3.125,-8.438]],"o":[[-19.938,3.25],[2.563,-11.938],[4.25,-0.25],[4.5,12.188]],"v":[[-9.125,72.313],[-29.633,44.517],[-2.278,29.659],[24.013,43.821]],"c":true}]},{"i":{"x":0.833,"y":0.833},"o":{"x":0.167,"y":0.167},"t":14,"s":[{"i":[[24.938,-4.063],[-0.438,12.75],[-15.625,0.875],[-3.125,-8.438]],"o":[[-19.938,3.25],[2.563,-11.938],[4.25,-0.25],[4.5,12.188]],"v":[[-9.183,72.274],[-29.758,44.191],[-1.847,30.09],[23.562,43.896]],"c":true}]},{"i":{"x":0.833,"y":0.833},"o":{"x":0.167,"y":0.167},"t":15,"s":[{"i":[[24.938,-4.063],[-0.438,12.75],[-15.625,0.875],[-3.125,-8.438]],"o":[[-19.938,3.25],[2.563,-11.938],[4.25,-0.25],[4.5,12.188]],"v":[[-9.337,72.171],[-29.844,43.968],[-1.417,30.521],[23.008,43.988]],"c":true}]},{"i":{"x":0.833,"y":0.833},"o":{"x":0.167,"y":0.167},"t":16,"s":[{"i":[[24.938,-4.063],[-0.438,12.75],[-15.625,0.875],[-3.125,-8.438]],"o":[[-19.938,3.25],[2.563,-11.938],[4.25,-0.25],[4.5,12.188]],"v":[[-9.563,72.021],[-29.876,43.885],[-1.017,30.92],[22.412,44.088]],"c":true}]},{"i":{"x":0.833,"y":0.833},"o":{"x":0.167,"y":0.167},"t":17,"s":[{"i":[[24.938,-4.063],[-0.438,12.75],[-15.625,0.875],[-3.125,-8.438]],"o":[[-19.938,3.25],[2.563,-11.938],[4.25,-0.25],[4.5,12.188]],"v":[[-9.84,71.836],[-29.845,43.966],[-0.691,31.246],[21.815,44.187]],"c":true}]},{"i":{"x":0.833,"y":0.833},"o":{"x":0.167,"y":0.167},"t":18,"s":[{"i":[[24.938,-4.063],[-0.438,12.75],[-15.625,0.875],[-3.125,-8.438]],"o":[[-19.938,3.25],[2.563,-11.938],[4.25,-0.25],[4.5,12.188]],"v":[[-10.138,71.637],[-29.759,44.19],[-0.468,31.469],[21.26,44.28]],"c":true}]},{"i":{"x":0.833,"y":0.833},"o":{"x":0.167,"y":0.167},"t":19,"s":[{"i":[[24.938,-4.063],[-0.438,12.75],[-15.625,0.875],[-3.125,-8.438]],"o":[[-19.938,3.25],[2.563,-11.938],[4.25,-0.25],[4.5,12.188]],"v":[[-10.436,71.438],[-29.633,44.518],[-0.385,31.553],[20.806,44.355]],"c":true}]},{"t":20,"s":[{"i":[[24.938,-4.063],[-0.438,12.75],[-15.625,0.875],[-3.125,-8.438]],"o":[[-19.938,3.25],[2.563,-11.938],[4.25,-0.25],[4.5,12.188]],"v":[[-10.714,71.253],[-29.479,44.916],[-0.468,31.469],[20.498,44.407]],"c":true}]}],"ix":2},"nm":"Path 1","mn":"ADBE Vector Shape - Group","hd":false},{"ty":"fl","c":{"a":0,"k":[1,1,1,1],"ix":4},"o":{"a":0,"k":100,"ix":5},"r":1,"bm":0,"nm":"Fill 1","mn":"ADBE Vector Graphic - Fill","hd":false},{"ty":"tr","p":{"a":0,"k":[0,0],"ix":2},"a":{"a":0,"k":[0,0],"ix":1},"s":{"a":0,"k":[100,100],"ix":3},"r":{"a":0,"k":0,"ix":6},"o":{"a":0,"k":100,"ix":7},"sk":{"a":0,"k":0,"ix":4},"sa":{"a":0,"k":0,"ix":5},"nm":"Transform"}],"nm":"Group 31","np":2,"cix":2,"bm":0,"ix":1,"mn":"ADBE Vector Group","hd":false}],"ip":0,"op":21,"st":0,"bm":0}]}],"layers":[{"ddd":0,"ind":1,"ty":0,"nm":"base3","refId":"comp_0","sr":1,"ks":{"o":{"a":0,"k":100,"ix":11},"r":{"a":0,"k":0,"ix":10},"p":{"a":0,"k":[67,178,0],"ix":2},"a":{"a":0,"k":[125,200,0],"ix":1},"s":{"a":0,"k":[100,100,100],"ix":6}},"ao":0,"tm":{"a":1,"k":[{"i":{"x":[0.833],"y":[0.833]},"o":{"x":[0.167],"y":[0.167]},"t":0,"s":[0]},{"t":98,"s":[0.667]}],"ix":2},"w":250,"h":400,"ip":0,"op":136,"st":0,"bm":0}],"markers":[]}