{"v":"5.6.10","fr":30,"ip":0,"op":120,"w":125,"h":125,"nm":"plant1","ddd":0,"assets":[{"id":"comp_0","layers":[{"ddd":0,"ind":1,"ty":4,"nm":"pot","sr":1,"ks":{"o":{"a":0,"k":100,"ix":11},"r":{"a":0,"k":0,"ix":10},"p":{"a":0,"k":[127.147,138.414,0],"ix":2},"a":{"a":0,"k":[127.147,138.414,0],"ix":1},"s":{"a":0,"k":[100,100,100],"ix":6}},"ao":0,"shapes":[{"ty":"gr","it":[{"ty":"gr","it":[{"ind":0,"ty":"sh","ix":1,"ks":{"a":0,"k":{"i":[[-0.903,1.189],[0.248,-0.321],[0.8,-0.761],[0,0],[0,0],[1.937,1.415],[0,0],[0,0],[0,0],[0,0],[0,0],[0,0],[0,0],[0.624,-0.749],[0.354,-0.305],[-0.291,0.359],[0,0],[0,0],[0,0],[0,0],[0,0],[0,0],[0,0],[0,0],[0,0],[-1.621,-1.807],[0,0]],"o":[[-0.146,0.379],[-0.616,0.917],[0,0],[0,0],[-1.658,-1.734],[0,0],[0,0],[0,0],[0,0],[0,0],[0,0],[0,0],[-0.96,1.161],[-0.284,0.372],[0.219,-0.407],[0,0],[0,0],[0,0],[0,0],[0,0],[0,0],[0,0],[0,0],[0,0],[1.953,1.442],[0,0],[1.084,-1.028]],"v":[[12.025,19.112],[11.43,20.168],[9.299,22.692],[9.174,22.817],[9.049,22.682],[3.645,17.95],[3.952,17.95],[1.553,20.052],[-1.269,22.519],[-1.433,22.654],[-1.586,22.519],[-6.184,18.68],[-5.925,18.68],[-8.296,21.559],[-9.255,22.577],[-8.488,21.425],[-6.232,18.421],[-6.117,18.267],[-5.963,18.392],[-1.298,22.174],[-1.615,22.174],[1.207,19.668],[3.607,17.576],[3.76,17.442],[3.914,17.557],[9.289,22.442],[9.039,22.442]],"c":true},"ix":2},"nm":"Path 1","mn":"ADBE Vector Shape - Group","hd":false},{"ty":"fl","c":{"a":0,"k":[1,1,1,1],"ix":4},"o":{"a":0,"k":100,"ix":5},"r":1,"bm":0,"nm":"Fill 1","mn":"ADBE Vector Graphic - Fill","hd":false},{"ty":"tr","p":{"a":0,"k":[0,0],"ix":2},"a":{"a":0,"k":[0,0],"ix":1},"s":{"a":0,"k":[100,100],"ix":3},"r":{"a":0,"k":0,"ix":6},"o":{"a":0,"k":100,"ix":7},"sk":{"a":0,"k":0,"ix":4},"sa":{"a":0,"k":0,"ix":5},"nm":"Transform"}],"nm":"Group 1","np":2,"cix":2,"bm":0,"ix":1,"mn":"ADBE Vector Group","hd":false},{"ty":"tr","p":{"a":0,"k":[128.074,142.687],"ix":2},"a":{"a":0,"k":[1.385,20.129],"ix":1},"s":{"a":0,"k":[222,222],"ix":3},"r":{"a":0,"k":0,"ix":6},"o":{"a":0,"k":100,"ix":7},"sk":{"a":0,"k":0,"ix":4},"sa":{"a":0,"k":0,"ix":5},"nm":"Transform"}],"nm":"Group 1","np":1,"cix":2,"bm":0,"ix":1,"mn":"ADBE Vector Group","hd":false},{"ty":"gr","it":[{"ty":"gr","it":[{"ind":0,"ty":"sh","ix":1,"ks":{"a":0,"k":{"i":[[0,-0.134],[7.65,0],[0,0.144],[-7.66,0]],"o":[[0,0.144],[-7.65,0],[0,-0.144],[7.66,0]],"v":[[14.827,13.986],[0.967,14.236],[-12.893,13.986],[0.967,13.737]],"c":true},"ix":2},"nm":"Path 1","mn":"ADBE Vector Shape - Group","hd":false},{"ty":"fl","c":{"a":0,"k":[1,1,1,1],"ix":4},"o":{"a":0,"k":100,"ix":5},"r":1,"bm":0,"nm":"Fill 1","mn":"ADBE Vector Graphic - Fill","hd":false},{"ty":"tr","p":{"a":0,"k":[0,0],"ix":2},"a":{"a":0,"k":[0,0],"ix":1},"s":{"a":0,"k":[100,100],"ix":3},"r":{"a":0,"k":0,"ix":6},"o":{"a":0,"k":100,"ix":7},"sk":{"a":0,"k":0,"ix":4},"sa":{"a":0,"k":0,"ix":5},"nm":"Transform"}],"nm":"Group 2","np":2,"cix":2,"bm":0,"ix":1,"mn":"ADBE Vector Group","hd":false},{"ty":"tr","p":{"a":0,"k":[127.147,129.049],"ix":2},"a":{"a":0,"k":[0.967,13.986],"ix":1},"s":{"a":0,"k":[222,222],"ix":3},"r":{"a":0,"k":0,"ix":6},"o":{"a":0,"k":100,"ix":7},"sk":{"a":0,"k":0,"ix":4},"sa":{"a":0,"k":0,"ix":5},"nm":"Transform"}],"nm":"Group 2","np":1,"cix":2,"bm":0,"ix":2,"mn":"ADBE Vector Group","hd":false},{"ty":"gr","it":[{"ty":"gr","it":[{"ind":0,"ty":"sh","ix":1,"ks":{"a":0,"k":{"i":[[0,0],[0,0],[0,0],[0,0]],"o":[[0,0],[0,0],[0,0],[0,0]],"v":[[-10.561,11.164],[-8.977,28],[11.17,28],[12.783,11.346]],"c":true},"ix":2},"nm":"Path 1","mn":"ADBE Vector Shape - Group","hd":false},{"ty":"fl","c":{"a":0,"k":[0.066666670144,0.29411765933,0.372549027205,1],"ix":4},"o":{"a":0,"k":100,"ix":5},"r":1,"bm":0,"nm":"Fill 1","mn":"ADBE Vector Graphic - Fill","hd":false},{"ty":"tr","p":{"a":0,"k":[0,0],"ix":2},"a":{"a":0,"k":[0,0],"ix":1},"s":{"a":0,"k":[100,100],"ix":3},"r":{"a":0,"k":0,"ix":6},"o":{"a":0,"k":100,"ix":7},"sk":{"a":0,"k":0,"ix":4},"sa":{"a":0,"k":0,"ix":5},"nm":"Transform"}],"nm":"Group 3","np":2,"cix":2,"bm":0,"ix":1,"mn":"ADBE Vector Group","hd":false},{"ty":"tr","p":{"a":0,"k":[127.466,141.472],"ix":2},"a":{"a":0,"k":[1.111,19.582],"ix":1},"s":{"a":0,"k":[222,222],"ix":3},"r":{"a":0,"k":0,"ix":6},"o":{"a":0,"k":100,"ix":7},"sk":{"a":0,"k":0,"ix":4},"sa":{"a":0,"k":0,"ix":5},"nm":"Transform"}],"nm":"Group 3","np":1,"cix":2,"bm":0,"ix":3,"mn":"ADBE Vector Group","hd":false},{"ty":"gr","it":[{"ty":"gr","it":[{"ind":0,"ty":"sh","ix":1,"ks":{"a":0,"k":{"i":[[0,0],[0,0],[0,0],[0,0]],"o":[[0,0],[0,0],[0,0],[0,0]],"v":[[-12.893,8.409],[14.654,8.409],[14.827,13.919],[-12.893,13.919]],"c":true},"ix":2},"nm":"Path 1","mn":"ADBE Vector Shape - Group","hd":false},{"ty":"fl","c":{"a":0,"k":[0.066666670144,0.29411765933,0.372549027205,1],"ix":4},"o":{"a":0,"k":100,"ix":5},"r":1,"bm":0,"nm":"Fill 1","mn":"ADBE Vector Graphic - Fill","hd":false},{"ty":"tr","p":{"a":0,"k":[0,0],"ix":2},"a":{"a":0,"k":[0,0],"ix":1},"s":{"a":0,"k":[100,100],"ix":3},"r":{"a":0,"k":0,"ix":6},"o":{"a":0,"k":100,"ix":7},"sk":{"a":0,"k":0,"ix":4},"sa":{"a":0,"k":0,"ix":5},"nm":"Transform"}],"nm":"Group 4","np":2,"cix":2,"bm":0,"ix":1,"mn":"ADBE Vector Group","hd":false},{"ty":"tr","p":{"a":0,"k":[127.147,122.785],"ix":2},"a":{"a":0,"k":[0.967,11.164],"ix":1},"s":{"a":0,"k":[222,222],"ix":3},"r":{"a":0,"k":0,"ix":6},"o":{"a":0,"k":100,"ix":7},"sk":{"a":0,"k":0,"ix":4},"sa":{"a":0,"k":0,"ix":5},"nm":"Transform"}],"nm":"Group 4","np":1,"cix":2,"bm":0,"ix":4,"mn":"ADBE Vector Group","hd":false}],"ip":0,"op":21,"st":0,"bm":0},{"ddd":0,"ind":2,"ty":3,"nm":"Null 32","sr":1,"ks":{"o":{"a":0,"k":0,"ix":11},"r":{"a":1,"k":[{"i":{"x":[0.667],"y":[1]},"o":{"x":[0.333],"y":[0]},"t":-5,"s":[-2]},{"i":{"x":[0.667],"y":[1]},"o":{"x":[0.333],"y":[0]},"t":5,"s":[2]},{"i":{"x":[0.667],"y":[1]},"o":{"x":[0.333],"y":[0]},"t":15,"s":[-2]},{"i":{"x":[0.667],"y":[1]},"o":{"x":[0.333],"y":[0]},"t":25,"s":[2]},{"t":35,"s":[-2]}],"ix":10},"p":{"a":0,"k":[125,119.5,0],"ix":2},"a":{"a":0,"k":[0,0,0],"ix":1},"s":{"a":0,"k":[34.5,34.5,100],"ix":6}},"ao":0,"ip":0,"op":21,"st":0,"bm":0},{"ddd":0,"ind":3,"ty":4,"nm":"spike - 33","parent":2,"sr":1,"ks":{"o":{"a":0,"k":100,"ix":11},"r":{"a":0,"k":0,"ix":10},"p":{"a":1,"k":[{"i":{"x":0.667,"y":1},"o":{"x":0.333,"y":0},"t":0,"s":[55.456,-30.352,0],"to":[-0.242,0,0],"ti":[0,0,0]},{"i":{"x":0.667,"y":1},"o":{"x":0.333,"y":0},"t":10,"s":[54.007,-30.352,0],"to":[0,0,0],"ti":[-0.242,0,0]},{"t":20,"s":[55.456,-30.352,0]}],"ix":2},"a":{"a":0,"k":[8.618,4.968,0],"ix":1},"s":{"a":0,"k":[643.478,643.478,100],"ix":6}},"ao":0,"shapes":[{"ty":"gr","it":[{"ind":0,"ty":"sh","ix":1,"ks":{"a":0,"k":{"i":[[0.086,-0.115],[0.72,0.729],[-0.105,0.077],[-0.701,-0.701]],"o":[[-0.086,0.105],[-0.72,-0.729],[0.106,-0.077],[0.701,0.701]],"v":[[9.913,6.259],[8.377,5.203],[7.331,3.668],[8.732,4.848]],"c":true},"ix":2},"nm":"Path 1","mn":"ADBE Vector Shape - Group","hd":false},{"ty":"fl","c":{"a":0,"k":[0.149019613862,0.196078434587,0.219607844949,1],"ix":4},"o":{"a":0,"k":100,"ix":5},"r":1,"bm":0,"nm":"Fill 1","mn":"ADBE Vector Graphic - Fill","hd":false},{"ty":"tr","p":{"a":0,"k":[0,0],"ix":2},"a":{"a":0,"k":[0,0],"ix":1},"s":{"a":0,"k":[100,100],"ix":3},"r":{"a":0,"k":0,"ix":6},"o":{"a":0,"k":100,"ix":7},"sk":{"a":0,"k":0,"ix":4},"sa":{"a":0,"k":0,"ix":5},"nm":"Transform"}],"nm":"Group 7","np":2,"cix":2,"bm":0,"ix":1,"mn":"ADBE Vector Group","hd":false}],"ip":0,"op":21,"st":0,"bm":0},{"ddd":0,"ind":4,"ty":4,"nm":"spike - 32","parent":2,"sr":1,"ks":{"o":{"a":0,"k":100,"ix":11},"r":{"a":0,"k":0,"ix":10},"p":{"a":1,"k":[{"i":{"x":0.667,"y":1},"o":{"x":0.333,"y":0},"t":0,"s":[65.24,-80.532,0],"to":[-0.604,0,0],"ti":[0,0,0]},{"i":{"x":0.667,"y":1},"o":{"x":0.333,"y":0},"t":10,"s":[61.616,-80.532,0],"to":[0,0,0],"ti":[-0.604,0,0]},{"t":20,"s":[65.24,-80.532,0]}],"ix":2},"a":{"a":0,"k":[10.139,-2.83,0],"ix":1},"s":{"a":0,"k":[643.478,643.478,100],"ix":6}},"ao":0,"shapes":[{"ty":"gr","it":[{"ind":0,"ty":"sh","ix":1,"ks":{"a":0,"k":{"i":[[-0.666,-0.276],[1.264,0.76],[-0.688,-0.204]],"o":[[-1.451,0.265],[0.717,-0.02],[0.719,0.048]],"v":[[12.245,-2.495],[8.032,-3.262],[10.153,-2.984]],"c":true},"ix":2},"nm":"Path 1","mn":"ADBE Vector Shape - Group","hd":false},{"ty":"fl","c":{"a":0,"k":[0.149019613862,0.196078434587,0.219607844949,1],"ix":4},"o":{"a":0,"k":100,"ix":5},"r":1,"bm":0,"nm":"Fill 1","mn":"ADBE Vector Graphic - Fill","hd":false},{"ty":"tr","p":{"a":0,"k":[0,0],"ix":2},"a":{"a":0,"k":[0,0],"ix":1},"s":{"a":0,"k":[100,100],"ix":3},"r":{"a":0,"k":0,"ix":6},"o":{"a":0,"k":100,"ix":7},"sk":{"a":0,"k":0,"ix":4},"sa":{"a":0,"k":0,"ix":5},"nm":"Transform"}],"nm":"Group 8","np":2,"cix":2,"bm":0,"ix":1,"mn":"ADBE Vector Group","hd":false}],"ip":0,"op":21,"st":0,"bm":0},{"ddd":0,"ind":5,"ty":4,"nm":"spike - 31","parent":2,"sr":1,"ks":{"o":{"a":0,"k":100,"ix":11},"r":{"a":0,"k":0,"ix":10},"p":{"a":1,"k":[{"i":{"x":0.667,"y":1},"o":{"x":0.333,"y":0},"t":0,"s":[52.65,-174.035,0],"to":[-0.664,0,0],"ti":[0,0,0]},{"i":{"x":0.667,"y":1},"o":{"x":0.333,"y":0},"t":10,"s":[48.665,-174.035,0],"to":[0,0,0],"ti":[-0.664,0,0]},{"t":20,"s":[52.65,-174.035,0]}],"ix":2},"a":{"a":0,"k":[8.182,-17.361,0],"ix":1},"s":{"a":0,"k":[643.478,643.478,100],"ix":6}},"ao":0,"shapes":[{"ty":"gr","it":[{"ind":0,"ty":"sh","ix":1,"ks":{"a":0,"k":{"i":[[-0.067,-0.106],[0.816,-0.269],[0.019,0.134],[-0.787,0.249]],"o":[[0.058,0.115],[-0.816,0.269],[-0.019,-0.134],[0.787,-0.25]],"v":[[9.625,-17.852],[8.291,-17.056],[6.736,-16.931],[8.137,-17.535]],"c":true},"ix":2},"nm":"Path 1","mn":"ADBE Vector Shape - Group","hd":false},{"ty":"fl","c":{"a":0,"k":[0.149019613862,0.196078434587,0.219607844949,1],"ix":4},"o":{"a":0,"k":100,"ix":5},"r":1,"bm":0,"nm":"Fill 1","mn":"ADBE Vector Graphic - Fill","hd":false},{"ty":"tr","p":{"a":0,"k":[0,0],"ix":2},"a":{"a":0,"k":[0,0],"ix":1},"s":{"a":0,"k":[100,100],"ix":3},"r":{"a":0,"k":0,"ix":6},"o":{"a":0,"k":100,"ix":7},"sk":{"a":0,"k":0,"ix":4},"sa":{"a":0,"k":0,"ix":5},"nm":"Transform"}],"nm":"Group 9","np":2,"cix":2,"bm":0,"ix":1,"mn":"ADBE Vector Group","hd":false}],"ip":0,"op":21,"st":0,"bm":0},{"ddd":0,"ind":6,"ty":4,"nm":"spike - 30","parent":2,"sr":1,"ks":{"o":{"a":0,"k":100,"ix":11},"r":{"a":0,"k":0,"ix":10},"p":{"a":1,"k":[{"i":{"x":0.667,"y":1},"o":{"x":0.333,"y":0},"t":0,"s":[61.076,-136.687,0],"to":[-0.725,0,0],"ti":[0,0,0]},{"i":{"x":0.667,"y":1},"o":{"x":0.333,"y":0},"t":10,"s":[56.728,-136.687,0],"to":[0,0,0],"ti":[-0.725,0,0]},{"t":20,"s":[61.076,-136.687,0]}],"ix":2},"a":{"a":0,"k":[9.492,-11.557,0],"ix":1},"s":{"a":0,"k":[643.478,643.478,100],"ix":6}},"ao":0,"shapes":[{"ty":"gr","it":[{"ind":0,"ty":"sh","ix":1,"ks":{"a":0,"k":{"i":[[-0.067,-0.134],[0.787,-0.115],[-0.01,0.173],[-0.739,0.106]],"o":[[0.048,0.125],[-0.787,0.115],[0.01,-0.173],[0.739,-0.105]],"v":[[10.872,-11.824],[9.548,-11.268],[8.108,-11.44],[9.471,-11.767]],"c":true},"ix":2},"nm":"Path 1","mn":"ADBE Vector Shape - Group","hd":false},{"ty":"fl","c":{"a":0,"k":[0.149019613862,0.196078434587,0.219607844949,1],"ix":4},"o":{"a":0,"k":100,"ix":5},"r":1,"bm":0,"nm":"Fill 1","mn":"ADBE Vector Graphic - Fill","hd":false},{"ty":"tr","p":{"a":0,"k":[0,0],"ix":2},"a":{"a":0,"k":[0,0],"ix":1},"s":{"a":0,"k":[100,100],"ix":3},"r":{"a":0,"k":0,"ix":6},"o":{"a":0,"k":100,"ix":7},"sk":{"a":0,"k":0,"ix":4},"sa":{"a":0,"k":0,"ix":5},"nm":"Transform"}],"nm":"Group 10","np":2,"cix":2,"bm":0,"ix":1,"mn":"ADBE Vector Group","hd":false}],"ip":0,"op":21,"st":0,"bm":0},{"ddd":0,"ind":7,"ty":4,"nm":"spike - 29","parent":2,"sr":1,"ks":{"o":{"a":0,"k":100,"ix":11},"r":{"a":0,"k":0,"ix":10},"p":{"a":1,"k":[{"i":{"x":0.667,"y":1},"o":{"x":0.333,"y":0},"t":0,"s":[24.234,-178.718,0],"to":[-0.302,0,0],"ti":[0,0,0]},{"i":{"x":0.667,"y":1},"o":{"x":0.333,"y":0},"t":10,"s":[22.422,-178.718,0],"to":[0,0,0],"ti":[-0.302,0,0]},{"t":20,"s":[24.234,-178.718,0]}],"ix":2},"a":{"a":0,"k":[3.766,-18.089,0],"ix":1},"s":{"a":0,"k":[643.478,643.478,100],"ix":6}},"ao":0,"shapes":[{"ty":"gr","it":[{"ind":0,"ty":"sh","ix":1,"ks":{"a":0,"k":{"i":[[-0.086,-0.106],[0.499,-0.25],[0,0.125],[-0.451,0.23]],"o":[[0.077,0.106],[-0.499,0.25],[0,-0.125],[0.451,-0.23]],"v":[[4.595,-18.543],[3.885,-17.814],[2.925,-17.679],[3.702,-18.265]],"c":true},"ix":2},"nm":"Path 1","mn":"ADBE Vector Shape - Group","hd":false},{"ty":"fl","c":{"a":0,"k":[0.149019613862,0.196078434587,0.219607844949,1],"ix":4},"o":{"a":0,"k":100,"ix":5},"r":1,"bm":0,"nm":"Fill 1","mn":"ADBE Vector Graphic - Fill","hd":false},{"ty":"tr","p":{"a":0,"k":[0,0],"ix":2},"a":{"a":0,"k":[0,0],"ix":1},"s":{"a":0,"k":[100,100],"ix":3},"r":{"a":0,"k":0,"ix":6},"o":{"a":0,"k":100,"ix":7},"sk":{"a":0,"k":0,"ix":4},"sa":{"a":0,"k":0,"ix":5},"nm":"Transform"}],"nm":"Group 11","np":2,"cix":2,"bm":0,"ix":1,"mn":"ADBE Vector Group","hd":false}],"ip":0,"op":21,"st":0,"bm":0},{"ddd":0,"ind":8,"ty":4,"nm":"spike - 28","parent":2,"sr":1,"ks":{"o":{"a":0,"k":100,"ix":11},"r":{"a":0,"k":0,"ix":10},"p":{"a":1,"k":[{"i":{"x":0.667,"y":1},"o":{"x":0.333,"y":0},"t":0,"s":[26.757,-18.429,0],"to":[-0.181,0,0],"ti":[0,0,0]},{"i":{"x":0.667,"y":1},"o":{"x":0.333,"y":0},"t":10,"s":[25.67,-18.429,0],"to":[0,0,0],"ti":[-0.181,0,0]},{"t":20,"s":[26.757,-18.429,0]}],"ix":2},"a":{"a":0,"k":[4.158,6.821,0],"ix":1},"s":{"a":0,"k":[643.478,643.478,100],"ix":6}},"ao":0,"shapes":[{"ty":"gr","it":[{"ind":0,"ty":"sh","ix":1,"ks":{"a":0,"k":{"i":[[0.106,-0.096],[0.413,0.528],[-0.106,0.086],[-0.413,-0.538]],"o":[[-0.106,0.086],[-0.413,-0.528],[0.106,-0.086],[0.413,0.538]],"v":[[4.941,7.785],[3.981,6.979],[3.376,5.856],[4.336,6.662]],"c":true},"ix":2},"nm":"Path 1","mn":"ADBE Vector Shape - Group","hd":false},{"ty":"fl","c":{"a":0,"k":[0.149019613862,0.196078434587,0.219607844949,1],"ix":4},"o":{"a":0,"k":100,"ix":5},"r":1,"bm":0,"nm":"Fill 1","mn":"ADBE Vector Graphic - Fill","hd":false},{"ty":"tr","p":{"a":0,"k":[0,0],"ix":2},"a":{"a":0,"k":[0,0],"ix":1},"s":{"a":0,"k":[100,100],"ix":3},"r":{"a":0,"k":0,"ix":6},"o":{"a":0,"k":100,"ix":7},"sk":{"a":0,"k":0,"ix":4},"sa":{"a":0,"k":0,"ix":5},"nm":"Transform"}],"nm":"Group 12","np":2,"cix":2,"bm":0,"ix":1,"mn":"ADBE Vector Group","hd":false}],"ip":0,"op":21,"st":0,"bm":0},{"ddd":0,"ind":9,"ty":4,"nm":"spike - 27","parent":2,"sr":1,"ks":{"o":{"a":0,"k":100,"ix":11},"r":{"a":0,"k":0,"ix":10},"p":{"a":1,"k":[{"i":{"x":0.667,"y":1},"o":{"x":0.333,"y":0},"t":0,"s":[33.767,-63.332,0],"to":[-0.483,0,0],"ti":[0,0,0]},{"i":{"x":0.667,"y":1},"o":{"x":0.333,"y":0},"t":10,"s":[30.869,-63.332,0],"to":[0,0,0],"ti":[-0.483,0,0]},{"t":20,"s":[33.767,-63.332,0]}],"ix":2},"a":{"a":0,"k":[5.248,-0.158,0],"ix":1},"s":{"a":0,"k":[643.478,643.478,100],"ix":6}},"ao":0,"shapes":[{"ty":"gr","it":[{"ind":0,"ty":"sh","ix":1,"ks":{"a":0,"k":{"i":[[0.058,-0.125],[0.777,0.365],[-0.067,0.125],[-0.787,-0.365]],"o":[[-0.058,0.125],[-0.777,-0.365],[0.067,-0.125],[0.787,0.365]],"v":[[6.659,0.5],[5.143,0.068],[3.837,-0.815],[5.354,-0.383]],"c":true},"ix":2},"nm":"Path 1","mn":"ADBE Vector Shape - Group","hd":false},{"ty":"fl","c":{"a":0,"k":[0.149019613862,0.196078434587,0.219607844949,1],"ix":4},"o":{"a":0,"k":100,"ix":5},"r":1,"bm":0,"nm":"Fill 1","mn":"ADBE Vector Graphic - Fill","hd":false},{"ty":"tr","p":{"a":0,"k":[0,0],"ix":2},"a":{"a":0,"k":[0,0],"ix":1},"s":{"a":0,"k":[100,100],"ix":3},"r":{"a":0,"k":0,"ix":6},"o":{"a":0,"k":100,"ix":7},"sk":{"a":0,"k":0,"ix":4},"sa":{"a":0,"k":0,"ix":5},"nm":"Transform"}],"nm":"Group 13","np":2,"cix":2,"bm":0,"ix":1,"mn":"ADBE Vector Group","hd":false}],"ip":0,"op":21,"st":0,"bm":0},{"ddd":0,"ind":10,"ty":4,"nm":"spike - 26","parent":2,"sr":1,"ks":{"o":{"a":0,"k":100,"ix":11},"r":{"a":0,"k":0,"ix":10},"p":{"a":1,"k":[{"i":{"x":0.667,"y":1},"o":{"x":0.333,"y":0},"t":0,"s":[30.493,-105.803,0],"to":[-0.604,0,0],"ti":[0,0,0]},{"i":{"x":0.667,"y":1},"o":{"x":0.333,"y":0},"t":10,"s":[26.869,-105.803,0],"to":[0,0,0],"ti":[-0.604,0,0]},{"t":20,"s":[30.493,-105.803,0]}],"ix":2},"a":{"a":0,"k":[4.739,-6.758,0],"ix":1},"s":{"a":0,"k":[643.478,643.478,100],"ix":6}},"ao":0,"shapes":[{"ty":"gr","it":[{"ind":0,"ty":"sh","ix":1,"ks":{"a":0,"k":{"i":[[-0.019,-0.134],[0.605,-0.125],[0.029,0.125],[-0.614,0.134]],"o":[[0,0.134],[-0.605,0.125],[-0.029,-0.125],[0.614,-0.134]],"v":[[5.843,-6.987],[4.797,-6.516],[3.635,-6.516],[4.691,-6.996]],"c":true},"ix":2},"nm":"Path 1","mn":"ADBE Vector Shape - Group","hd":false},{"ty":"fl","c":{"a":0,"k":[0.149019613862,0.196078434587,0.219607844949,1],"ix":4},"o":{"a":0,"k":100,"ix":5},"r":1,"bm":0,"nm":"Fill 1","mn":"ADBE Vector Graphic - Fill","hd":false},{"ty":"tr","p":{"a":0,"k":[0,0],"ix":2},"a":{"a":0,"k":[0,0],"ix":1},"s":{"a":0,"k":[100,100],"ix":3},"r":{"a":0,"k":0,"ix":6},"o":{"a":0,"k":100,"ix":7},"sk":{"a":0,"k":0,"ix":4},"sa":{"a":0,"k":0,"ix":5},"nm":"Transform"}],"nm":"Group 14","np":2,"cix":2,"bm":0,"ix":1,"mn":"ADBE Vector Group","hd":false}],"ip":0,"op":21,"st":0,"bm":0},{"ddd":0,"ind":11,"ty":4,"nm":"spike - 25","parent":2,"sr":1,"ks":{"o":{"a":0,"k":100,"ix":11},"r":{"a":0,"k":0,"ix":10},"p":{"a":1,"k":[{"i":{"x":0.667,"y":1},"o":{"x":0.333,"y":0},"t":0,"s":[25.804,-145.264,0],"to":[-0.483,0,0],"ti":[0,0,0]},{"i":{"x":0.667,"y":1},"o":{"x":0.333,"y":0},"t":10,"s":[22.906,-145.264,0],"to":[0,0,0],"ti":[-0.483,0,0]},{"t":20,"s":[25.804,-145.264,0]}],"ix":2},"a":{"a":0,"k":[4.01,-12.89,0],"ix":1},"s":{"a":0,"k":[643.478,643.478,100],"ix":6}},"ao":0,"shapes":[{"ty":"gr","it":[{"ind":0,"ty":"sh","ix":1,"ks":{"a":0,"k":{"i":[[-0.105,-0.115],[0.633,-0.413],[0.077,0.115],[-0.633,0.422]],"o":[[0.077,0.115],[-0.633,0.413],[-0.077,-0.115],[0.633,-0.422]],"v":[[5.152,-13.638],[4.145,-12.679],[2.868,-12.141],[3.876,-13.101]],"c":true},"ix":2},"nm":"Path 1","mn":"ADBE Vector Shape - Group","hd":false},{"ty":"fl","c":{"a":0,"k":[0.149019613862,0.196078434587,0.219607844949,1],"ix":4},"o":{"a":0,"k":100,"ix":5},"r":1,"bm":0,"nm":"Fill 1","mn":"ADBE Vector Graphic - Fill","hd":false},{"ty":"tr","p":{"a":0,"k":[0,0],"ix":2},"a":{"a":0,"k":[0,0],"ix":1},"s":{"a":0,"k":[100,100],"ix":3},"r":{"a":0,"k":0,"ix":6},"o":{"a":0,"k":100,"ix":7},"sk":{"a":0,"k":0,"ix":4},"sa":{"a":0,"k":0,"ix":5},"nm":"Transform"}],"nm":"Group 15","np":2,"cix":2,"bm":0,"ix":1,"mn":"ADBE Vector Group","hd":false}],"ip":0,"op":21,"st":0,"bm":0},{"ddd":0,"ind":12,"ty":4,"nm":"spike - 24","parent":2,"sr":1,"ks":{"o":{"a":0,"k":100,"ix":11},"r":{"a":0,"k":0,"ix":10},"p":{"a":1,"k":[{"i":{"x":0.667,"y":1},"o":{"x":0.333,"y":0},"t":0,"s":[-59.933,-144.511,0],"to":[-0.604,0,0],"ti":[0,0,0]},{"i":{"x":0.667,"y":1},"o":{"x":0.333,"y":0},"t":10,"s":[-63.556,-144.511,0],"to":[0,0,0],"ti":[-0.604,0,0]},{"t":20,"s":[-59.933,-144.511,0]}],"ix":2},"a":{"a":0,"k":[-9.314,-12.773,0],"ix":1},"s":{"a":0,"k":[643.478,643.478,100],"ix":6}},"ao":0,"shapes":[{"ty":"gr","it":[{"ind":0,"ty":"sh","ix":1,"ks":{"a":0,"k":{"i":[[0.038,-0.115],[0.921,0.326],[-0.058,0.125],[-0.893,-0.317]],"o":[[0,0.125],[-0.921,-0.326],[0.058,-0.125],[0.893,0.317]],"v":[[-7.672,-12.199],[-9.419,-12.477],[-10.954,-13.37],[-9.255,-12.947]],"c":true},"ix":2},"nm":"Path 1","mn":"ADBE Vector Shape - Group","hd":false},{"ty":"fl","c":{"a":0,"k":[0.149019613862,0.196078434587,0.219607844949,1],"ix":4},"o":{"a":0,"k":100,"ix":5},"r":1,"bm":0,"nm":"Fill 1","mn":"ADBE Vector Graphic - Fill","hd":false},{"ty":"tr","p":{"a":0,"k":[0,0],"ix":2},"a":{"a":0,"k":[0,0],"ix":1},"s":{"a":0,"k":[100,100],"ix":3},"r":{"a":0,"k":0,"ix":6},"o":{"a":0,"k":100,"ix":7},"sk":{"a":0,"k":0,"ix":4},"sa":{"a":0,"k":0,"ix":5},"nm":"Transform"}],"nm":"Group 16","np":2,"cix":2,"bm":0,"ix":1,"mn":"ADBE Vector Group","hd":false}],"ip":0,"op":21,"st":0,"bm":0},{"ddd":0,"ind":13,"ty":4,"nm":"spike - 23","parent":2,"sr":1,"ks":{"o":{"a":0,"k":100,"ix":11},"r":{"a":0,"k":0,"ix":10},"p":{"a":1,"k":[{"i":{"x":0.667,"y":1},"o":{"x":0.333,"y":0},"t":0,"s":[-59.072,-51.442,0],"to":[-0.483,0,0],"ti":[0,0,0]},{"i":{"x":0.667,"y":1},"o":{"x":0.333,"y":0},"t":10,"s":[-61.97,-51.442,0],"to":[0,0,0],"ti":[-0.483,0,0]},{"t":20,"s":[-59.072,-51.442,0]}],"ix":2},"a":{"a":0,"k":[-9.18,1.69,0],"ix":1},"s":{"a":0,"k":[643.478,643.478,100],"ix":6}},"ao":0,"shapes":[{"ty":"gr","it":[{"ind":0,"ty":"sh","ix":1,"ks":{"a":0,"k":{"i":[[-0.048,-0.134],[0.605,-0.211],[0.048,0.134],[-0.614,0.211]],"o":[[0,0.125],[-0.605,0.211],[-0.048,-0.134],[0.614,-0.211]],"v":[[-8.074,1.316],[-9.092,1.93],[-10.282,2.065],[-9.255,1.45]],"c":true},"ix":2},"nm":"Path 1","mn":"ADBE Vector Shape - Group","hd":false},{"ty":"fl","c":{"a":0,"k":[0.149019613862,0.196078434587,0.219607844949,1],"ix":4},"o":{"a":0,"k":100,"ix":5},"r":1,"bm":0,"nm":"Fill 1","mn":"ADBE Vector Graphic - Fill","hd":false},{"ty":"tr","p":{"a":0,"k":[0,0],"ix":2},"a":{"a":0,"k":[0,0],"ix":1},"s":{"a":0,"k":[100,100],"ix":3},"r":{"a":0,"k":0,"ix":6},"o":{"a":0,"k":100,"ix":7},"sk":{"a":0,"k":0,"ix":4},"sa":{"a":0,"k":0,"ix":5},"nm":"Transform"}],"nm":"Group 17","np":2,"cix":2,"bm":0,"ix":1,"mn":"ADBE Vector Group","hd":false}],"ip":0,"op":21,"st":0,"bm":0},{"ddd":0,"ind":14,"ty":4,"nm":"spike - 22","parent":2,"sr":1,"ks":{"o":{"a":0,"k":100,"ix":11},"r":{"a":0,"k":0,"ix":10},"p":{"a":1,"k":[{"i":{"x":0.667,"y":1},"o":{"x":0.333,"y":0},"t":0,"s":[-28.338,-30.814,0],"to":[-0.362,0,0],"ti":[0,0,0]},{"i":{"x":0.667,"y":1},"o":{"x":0.333,"y":0},"t":10,"s":[-30.512,-30.814,0],"to":[0,0,0],"ti":[-0.362,0,0]},{"t":20,"s":[-28.338,-30.814,0]}],"ix":2},"a":{"a":0,"k":[-4.404,4.896,0],"ix":1},"s":{"a":0,"k":[643.478,643.478,100],"ix":6}},"ao":0,"shapes":[{"ty":"gr","it":[{"ind":0,"ty":"sh","ix":1,"ks":{"a":0,"k":{"i":[[-0.048,-0.144],[0.902,-0.346],[0.058,0.125],[-0.893,0.355]],"o":[[0.048,0.125],[-0.902,0.346],[-0.058,-0.125],[0.893,-0.355]],"v":[[-2.777,4.263],[-4.312,5.127],[-6.03,5.539],[-4.495,4.666]],"c":true},"ix":2},"nm":"Path 1","mn":"ADBE Vector Shape - Group","hd":false},{"ty":"fl","c":{"a":0,"k":[0.149019613862,0.196078434587,0.219607844949,1],"ix":4},"o":{"a":0,"k":100,"ix":5},"r":1,"bm":0,"nm":"Fill 1","mn":"ADBE Vector Graphic - Fill","hd":false},{"ty":"tr","p":{"a":0,"k":[0,0],"ix":2},"a":{"a":0,"k":[0,0],"ix":1},"s":{"a":0,"k":[100,100],"ix":3},"r":{"a":0,"k":0,"ix":6},"o":{"a":0,"k":100,"ix":7},"sk":{"a":0,"k":0,"ix":4},"sa":{"a":0,"k":0,"ix":5},"nm":"Transform"}],"nm":"Group 18","np":2,"cix":2,"bm":0,"ix":1,"mn":"ADBE Vector Group","hd":false}],"ip":0,"op":21,"st":0,"bm":0},{"ddd":0,"ind":15,"ty":4,"nm":"spike - 21","parent":2,"sr":1,"ks":{"o":{"a":0,"k":100,"ix":11},"r":{"a":0,"k":0,"ix":10},"p":{"a":1,"k":[{"i":{"x":0.667,"y":1},"o":{"x":0.333,"y":0},"t":0,"s":[-31.546,-75.593,0],"to":[-0.604,0,0],"ti":[0,0,0]},{"i":{"x":0.667,"y":1},"o":{"x":0.333,"y":0},"t":10,"s":[-35.169,-75.593,0],"to":[0,0,0],"ti":[-0.604,0,0]},{"t":20,"s":[-31.546,-75.593,0]}],"ix":2},"a":{"a":0,"k":[-4.902,-2.063,0],"ix":1},"s":{"a":0,"k":[643.478,643.478,100],"ix":6}},"ao":0,"shapes":[{"ty":"gr","it":[{"ind":0,"ty":"sh","ix":1,"ks":{"a":0,"k":{"i":[[-0.029,-0.134],[0.701,-0.173],[0.34,-0.012],[0,0],[-0.029,0],[0.154,-0.106],[0,0],[-0.332,0.073]],"o":[[0,0.134],[-0.33,0.084],[0,0],[0.182,0],[0.029,0],[0,0],[0.305,-0.15],[0.701,-0.144]],"v":[[-3.746,-2.37],[-4.946,-1.813],[-5.954,-1.669],[-6.059,-1.957],[-5.733,-1.957],[-5.934,-1.708],[-6.03,-1.996],[-5.07,-2.331]],"c":true},"ix":2},"nm":"Path 1","mn":"ADBE Vector Shape - Group","hd":false},{"ty":"fl","c":{"a":0,"k":[0.149019613862,0.196078434587,0.219607844949,1],"ix":4},"o":{"a":0,"k":100,"ix":5},"r":1,"bm":0,"nm":"Fill 1","mn":"ADBE Vector Graphic - Fill","hd":false},{"ty":"tr","p":{"a":0,"k":[0,0],"ix":2},"a":{"a":0,"k":[0,0],"ix":1},"s":{"a":0,"k":[100,100],"ix":3},"r":{"a":0,"k":0,"ix":6},"o":{"a":0,"k":100,"ix":7},"sk":{"a":0,"k":0,"ix":4},"sa":{"a":0,"k":0,"ix":5},"nm":"Transform"}],"nm":"Group 19","np":2,"cix":2,"bm":0,"ix":1,"mn":"ADBE Vector Group","hd":false}],"ip":0,"op":21,"st":0,"bm":0},{"ddd":0,"ind":16,"ty":4,"nm":"spike - 20","parent":2,"sr":1,"ks":{"o":{"a":0,"k":100,"ix":11},"r":{"a":0,"k":0,"ix":10},"p":{"a":1,"k":[{"i":{"x":0.667,"y":1},"o":{"x":0.333,"y":0},"t":0,"s":[-14.228,-182.855,0],"to":[-0.362,0,0],"ti":[0,0,0]},{"i":{"x":0.667,"y":1},"o":{"x":0.333,"y":0},"t":10,"s":[-16.402,-182.855,0],"to":[0,0,0],"ti":[-0.362,0,0]},{"t":20,"s":[-14.228,-182.855,0]}],"ix":2},"a":{"a":0,"k":[-2.211,-18.732,0],"ix":1},"s":{"a":0,"k":[643.478,643.478,100],"ix":6}},"ao":0,"shapes":[{"ty":"gr","it":[{"ind":0,"ty":"sh","ix":1,"ks":{"a":0,"k":{"i":[[0.106,-0.115],[0.307,0.538],[-0.134,0.038],[-0.269,-0.47]],"o":[[-0.096,0.096],[-0.307,-0.538],[0.134,-0.038],[0.269,0.47]],"v":[[-1.673,-17.843],[-2.498,-18.563],[-2.7,-19.638],[-2.066,-18.812]],"c":true},"ix":2},"nm":"Path 1","mn":"ADBE Vector Shape - Group","hd":false},{"ty":"fl","c":{"a":0,"k":[0.149019613862,0.196078434587,0.219607844949,1],"ix":4},"o":{"a":0,"k":100,"ix":5},"r":1,"bm":0,"nm":"Fill 1","mn":"ADBE Vector Graphic - Fill","hd":false},{"ty":"tr","p":{"a":0,"k":[0,0],"ix":2},"a":{"a":0,"k":[0,0],"ix":1},"s":{"a":0,"k":[100,100],"ix":3},"r":{"a":0,"k":0,"ix":6},"o":{"a":0,"k":100,"ix":7},"sk":{"a":0,"k":0,"ix":4},"sa":{"a":0,"k":0,"ix":5},"nm":"Transform"}],"nm":"Group 20","np":2,"cix":2,"bm":0,"ix":1,"mn":"ADBE Vector Group","hd":false}],"ip":0,"op":21,"st":0,"bm":0},{"ddd":0,"ind":17,"ty":4,"nm":"spike - 19","parent":2,"sr":1,"ks":{"o":{"a":0,"k":100,"ix":11},"r":{"a":0,"k":0,"ix":10},"p":{"a":1,"k":[{"i":{"x":0.667,"y":1},"o":{"x":0.333,"y":0},"t":0,"s":[-30.218,-155.7,0],"to":[-0.604,0,0],"ti":[0,0,0]},{"i":{"x":0.667,"y":1},"o":{"x":0.333,"y":0},"t":10,"s":[-33.841,-155.7,0],"to":[0,0,0],"ti":[-0.604,0,0]},{"t":20,"s":[-30.218,-155.7,0]}],"ix":2},"a":{"a":0,"k":[-4.696,-14.512,0],"ix":1},"s":{"a":0,"k":[643.478,643.478,100],"ix":6}},"ao":0,"shapes":[{"ty":"gr","it":[{"ind":0,"ty":"sh","ix":1,"ks":{"a":0,"k":{"i":[[0.048,-0.134],[0.729,0.221],[-0.048,0.125],[-0.72,-0.211]],"o":[[-0.048,0.125],[-0.729,-0.221],[0.048,-0.125],[0.72,0.211]],"v":[[-3.391,-14.061],[-4.782,-14.282],[-6.001,-14.963],[-4.619,-14.752]],"c":true},"ix":2},"nm":"Path 1","mn":"ADBE Vector Shape - Group","hd":false},{"ty":"fl","c":{"a":0,"k":[0.149019613862,0.196078434587,0.219607844949,1],"ix":4},"o":{"a":0,"k":100,"ix":5},"r":1,"bm":0,"nm":"Fill 1","mn":"ADBE Vector Graphic - Fill","hd":false},{"ty":"tr","p":{"a":0,"k":[0,0],"ix":2},"a":{"a":0,"k":[0,0],"ix":1},"s":{"a":0,"k":[100,100],"ix":3},"r":{"a":0,"k":0,"ix":6},"o":{"a":0,"k":100,"ix":7},"sk":{"a":0,"k":0,"ix":4},"sa":{"a":0,"k":0,"ix":5},"nm":"Transform"}],"nm":"Group 21","np":2,"cix":2,"bm":0,"ix":1,"mn":"ADBE Vector Group","hd":false}],"ip":0,"op":21,"st":0,"bm":0},{"ddd":0,"ind":18,"ty":4,"nm":"spike - 18","parent":2,"sr":1,"ks":{"o":{"a":0,"k":100,"ix":11},"r":{"a":0,"k":0,"ix":10},"p":{"a":1,"k":[{"i":{"x":0.667,"y":1},"o":{"x":0.333,"y":0},"t":0,"s":[-36.211,-127.11,0],"to":[-0.604,0,0],"ti":[0,0,0]},{"i":{"x":0.667,"y":1},"o":{"x":0.333,"y":0},"t":10,"s":[-39.834,-127.11,0],"to":[0,0,0],"ti":[-0.604,0,0]},{"t":20,"s":[-36.211,-127.11,0]}],"ix":2},"a":{"a":0,"k":[-5.627,-10.069,0],"ix":1},"s":{"a":0,"k":[643.478,643.478,100],"ix":6}},"ao":0,"shapes":[{"ty":"gr","it":[{"ind":0,"ty":"sh","ix":1,"ks":{"a":0,"k":{"i":[[-0.038,-0.182],[0.777,-0.077],[-0.019,0.134],[-0.72,0.067]],"o":[[0,0.134],[-0.777,0.077],[0.019,-0.134],[0.72,-0.067]],"v":[[-4.283,-10.279],[-5.598,-9.78],[-6.971,-10.01],[-5.646,-10.279]],"c":true},"ix":2},"nm":"Path 1","mn":"ADBE Vector Shape - Group","hd":false},{"ty":"fl","c":{"a":0,"k":[0.149019613862,0.196078434587,0.219607844949,1],"ix":4},"o":{"a":0,"k":100,"ix":5},"r":1,"bm":0,"nm":"Fill 1","mn":"ADBE Vector Graphic - Fill","hd":false},{"ty":"tr","p":{"a":0,"k":[0,0],"ix":2},"a":{"a":0,"k":[0,0],"ix":1},"s":{"a":0,"k":[100,100],"ix":3},"r":{"a":0,"k":0,"ix":6},"o":{"a":0,"k":100,"ix":7},"sk":{"a":0,"k":0,"ix":4},"sa":{"a":0,"k":0,"ix":5},"nm":"Transform"}],"nm":"Group 22","np":2,"cix":2,"bm":0,"ix":1,"mn":"ADBE Vector Group","hd":false}],"ip":0,"op":21,"st":0,"bm":0},{"ddd":0,"ind":19,"ty":4,"nm":"spike - 17","parent":2,"sr":1,"ks":{"o":{"a":0,"k":100,"ix":11},"r":{"a":0,"k":0,"ix":10},"p":{"a":1,"k":[{"i":{"x":0.667,"y":1},"o":{"x":0.333,"y":0},"t":0,"s":[-68.598,-96.995,0],"to":[-0.604,0,0],"ti":[0,0,0]},{"i":{"x":0.667,"y":1},"o":{"x":0.333,"y":0},"t":10,"s":[-72.221,-96.995,0],"to":[0,0,0],"ti":[-0.604,0,0]},{"t":20,"s":[-68.598,-96.995,0]}],"ix":2},"a":{"a":0,"k":[-10.66,-5.389,0],"ix":1},"s":{"a":0,"k":[643.478,643.478,100],"ix":6}},"ao":0,"shapes":[{"ty":"gr","it":[{"ind":0,"ty":"sh","ix":1,"ks":{"a":0,"k":{"i":[[-0.038,-0.134],[0.96,-0.106],[-0.01,0.134],[-0.912,0.106]],"o":[[0.048,0.134],[-0.96,0.105],[0.01,-0.134],[0.912,-0.105]],"v":[[-8.977,-5.662],[-10.618,-5.086],[-12.346,-5.278],[-10.676,-5.585]],"c":true},"ix":2},"nm":"Path 1","mn":"ADBE Vector Shape - Group","hd":false},{"ty":"fl","c":{"a":0,"k":[0.149019613862,0.196078434587,0.219607844949,1],"ix":4},"o":{"a":0,"k":100,"ix":5},"r":1,"bm":0,"nm":"Fill 1","mn":"ADBE Vector Graphic - Fill","hd":false},{"ty":"tr","p":{"a":0,"k":[0,0],"ix":2},"a":{"a":0,"k":[0,0],"ix":1},"s":{"a":0,"k":[100,100],"ix":3},"r":{"a":0,"k":0,"ix":6},"o":{"a":0,"k":100,"ix":7},"sk":{"a":0,"k":0,"ix":4},"sa":{"a":0,"k":0,"ix":5},"nm":"Transform"}],"nm":"Group 23","np":2,"cix":2,"bm":0,"ix":1,"mn":"ADBE Vector Group","hd":false}],"ip":0,"op":21,"st":0,"bm":0},{"ddd":0,"ind":20,"ty":4,"nm":"spike - 16","parent":2,"sr":1,"ks":{"o":{"a":0,"k":100,"ix":11},"r":{"a":0,"k":0,"ix":10},"p":{"a":1,"k":[{"i":{"x":0.667,"y":1},"o":{"x":0.333,"y":0},"t":0,"s":[-104.955,-83.686,0],"to":[-0.604,0,0],"ti":[0,0,0]},{"i":{"x":0.667,"y":1},"o":{"x":0.333,"y":0},"t":10,"s":[-108.578,-83.686,0],"to":[0,0,0],"ti":[-0.604,0,0]},{"t":20,"s":[-104.955,-83.686,0]}],"ix":2},"a":{"a":0,"k":[-16.31,-3.321,0],"ix":1},"s":{"a":0,"k":[643.478,643.478,100],"ix":6}},"ao":0,"shapes":[{"ty":"gr","it":[{"ind":0,"ty":"sh","ix":1,"ks":{"a":0,"k":{"i":[[-0.019,-0.154],[0.931,-0.134],[0.019,0.125],[-0.931,0.134]],"o":[[0,0.144],[-0.931,0.134],[-0.019,-0.125],[0.931,-0.134]],"v":[[-14.621,-3.56],[-16.272,-3.07],[-18,-3.07],[-16.339,-3.56]],"c":true},"ix":2},"nm":"Path 1","mn":"ADBE Vector Shape - Group","hd":false},{"ty":"fl","c":{"a":0,"k":[0.149019613862,0.196078434587,0.219607844949,1],"ix":4},"o":{"a":0,"k":100,"ix":5},"r":1,"bm":0,"nm":"Fill 1","mn":"ADBE Vector Graphic - Fill","hd":false},{"ty":"tr","p":{"a":0,"k":[0,0],"ix":2},"a":{"a":0,"k":[0,0],"ix":1},"s":{"a":0,"k":[100,100],"ix":3},"r":{"a":0,"k":0,"ix":6},"o":{"a":0,"k":100,"ix":7},"sk":{"a":0,"k":0,"ix":4},"sa":{"a":0,"k":0,"ix":5},"nm":"Transform"}],"nm":"Group 24","np":2,"cix":2,"bm":0,"ix":1,"mn":"ADBE Vector Group","hd":false}],"ip":0,"op":21,"st":0,"bm":0},{"ddd":0,"ind":21,"ty":4,"nm":"spike - 15","parent":2,"sr":1,"ks":{"o":{"a":0,"k":100,"ix":11},"r":{"a":0,"k":0,"ix":10},"p":{"a":1,"k":[{"i":{"x":0.667,"y":1},"o":{"x":0.333,"y":0},"t":0,"s":[-92.322,-56.787,0],"to":[-0.725,0,0],"ti":[0,0,0]},{"i":{"x":0.667,"y":1},"o":{"x":0.333,"y":0},"t":10,"s":[-96.669,-56.787,0],"to":[0,0,0],"ti":[-0.725,0,0]},{"t":20,"s":[-92.322,-56.787,0]}],"ix":2},"a":{"a":0,"k":[-14.347,0.86,0],"ix":1},"s":{"a":0,"k":[643.478,643.478,100],"ix":6}},"ao":0,"shapes":[{"ty":"gr","it":[{"ind":0,"ty":"sh","ix":1,"ks":{"a":0,"k":{"i":[[-0.048,-0.125],[0.797,-0.355],[0.058,0.125],[-0.797,0.365]],"o":[[0.058,0.125],[-0.797,0.355],[-0.058,-0.125],[0.797,-0.365]],"v":[[-12.903,0.203],[-14.237,1.086],[-15.792,1.518],[-14.448,0.634]],"c":true},"ix":2},"nm":"Path 1","mn":"ADBE Vector Shape - Group","hd":false},{"ty":"fl","c":{"a":0,"k":[0.149019613862,0.196078434587,0.219607844949,1],"ix":4},"o":{"a":0,"k":100,"ix":5},"r":1,"bm":0,"nm":"Fill 1","mn":"ADBE Vector Graphic - Fill","hd":false},{"ty":"tr","p":{"a":0,"k":[0,0],"ix":2},"a":{"a":0,"k":[0,0],"ix":1},"s":{"a":0,"k":[100,100],"ix":3},"r":{"a":0,"k":0,"ix":6},"o":{"a":0,"k":100,"ix":7},"sk":{"a":0,"k":0,"ix":4},"sa":{"a":0,"k":0,"ix":5},"nm":"Transform"}],"nm":"Group 25","np":2,"cix":2,"bm":0,"ix":1,"mn":"ADBE Vector Group","hd":false}],"ip":0,"op":21,"st":0,"bm":0},{"ddd":0,"ind":22,"ty":4,"nm":"spike - 14","parent":2,"sr":1,"ks":{"o":{"a":0,"k":100,"ix":11},"r":{"a":0,"k":0,"ix":10},"p":{"a":1,"k":[{"i":{"x":0.667,"y":1},"o":{"x":0.333,"y":0},"t":0,"s":[-79.51,-27.541,0],"to":[-0.604,0,0],"ti":[0,0,0]},{"i":{"x":0.667,"y":1},"o":{"x":0.333,"y":0},"t":10,"s":[-83.134,-27.541,0],"to":[0,0,0],"ti":[-0.604,0,0]},{"t":20,"s":[-79.51,-27.541,0]}],"ix":2},"a":{"a":0,"k":[-12.356,5.405,0],"ix":1},"s":{"a":0,"k":[643.478,643.478,100],"ix":6}},"ao":0,"shapes":[{"ty":"gr","it":[{"ind":0,"ty":"sh","ix":1,"ks":{"a":0,"k":{"i":[[-0.057,-0.125],[0.989,-0.509],[0.077,0.125],[-0.989,0.518]],"o":[[0.067,0.125],[-0.989,0.509],[-0.077,-0.125],[0.989,-0.518]],"v":[[-10.561,4.474],[-12.231,5.626],[-14.151,6.336],[-12.471,5.184]],"c":true},"ix":2},"nm":"Path 1","mn":"ADBE Vector Shape - Group","hd":false},{"ty":"fl","c":{"a":0,"k":[0.149019613862,0.196078434587,0.219607844949,1],"ix":4},"o":{"a":0,"k":100,"ix":5},"r":1,"bm":0,"nm":"Fill 1","mn":"ADBE Vector Graphic - Fill","hd":false},{"ty":"tr","p":{"a":0,"k":[0,0],"ix":2},"a":{"a":0,"k":[0,0],"ix":1},"s":{"a":0,"k":[100,100],"ix":3},"r":{"a":0,"k":0,"ix":6},"o":{"a":0,"k":100,"ix":7},"sk":{"a":0,"k":0,"ix":4},"sa":{"a":0,"k":0,"ix":5},"nm":"Transform"}],"nm":"Group 26","np":2,"cix":2,"bm":0,"ix":1,"mn":"ADBE Vector Group","hd":false}],"ip":0,"op":21,"st":0,"bm":0},{"ddd":0,"ind":23,"ty":4,"nm":"spike - 13","parent":2,"sr":1,"ks":{"o":{"a":0,"k":100,"ix":11},"r":{"a":0,"k":0,"ix":10},"p":{"a":1,"k":[{"i":{"x":0.667,"y":1},"o":{"x":0.333,"y":0},"t":0,"s":[89.13,-45.445,0],"to":[-0.604,0,0],"ti":[0,0,0]},{"i":{"x":0.667,"y":1},"o":{"x":0.333,"y":0},"t":10,"s":[85.506,-45.445,0],"to":[0,0,0],"ti":[-0.604,0,0]},{"t":20,"s":[89.13,-45.445,0]}],"ix":2},"a":{"a":0,"k":[13.851,2.622,0],"ix":1},"s":{"a":0,"k":[643.478,643.478,100],"ix":6}},"ao":0,"shapes":[{"ty":"gr","it":[{"ind":0,"ty":"sh","ix":1,"ks":{"a":0,"k":{"i":[[0.086,-0.106],[0.691,0.739],[-0.086,0.067],[-0.653,-0.701]],"o":[[-0.086,0.105],[-0.691,-0.739],[0.086,-0.067],[0.653,0.701]],"v":[[15.077,3.917],[13.589,2.871],[12.63,1.316],[13.935,2.526]],"c":true},"ix":2},"nm":"Path 1","mn":"ADBE Vector Shape - Group","hd":false},{"ty":"fl","c":{"a":0,"k":[0.149019613862,0.196078434587,0.219607844949,1],"ix":4},"o":{"a":0,"k":100,"ix":5},"r":1,"bm":0,"nm":"Fill 1","mn":"ADBE Vector Graphic - Fill","hd":false},{"ty":"tr","p":{"a":0,"k":[0,0],"ix":2},"a":{"a":0,"k":[0,0],"ix":1},"s":{"a":0,"k":[100,100],"ix":3},"r":{"a":0,"k":0,"ix":6},"o":{"a":0,"k":100,"ix":7},"sk":{"a":0,"k":0,"ix":4},"sa":{"a":0,"k":0,"ix":5},"nm":"Transform"}],"nm":"Group 27","np":2,"cix":2,"bm":0,"ix":1,"mn":"ADBE Vector Group","hd":false}],"ip":0,"op":21,"st":0,"bm":0},{"ddd":0,"ind":24,"ty":4,"nm":"spike - 12","parent":2,"sr":1,"ks":{"o":{"a":0,"k":100,"ix":11},"r":{"a":0,"k":0,"ix":10},"p":{"a":1,"k":[{"i":{"x":0.667,"y":1},"o":{"x":0.333,"y":0},"t":0,"s":[103.661,-74.301,0],"to":[-0.604,0,0],"ti":[0,0,0]},{"i":{"x":0.667,"y":1},"o":{"x":0.333,"y":0},"t":10,"s":[100.038,-74.301,0],"to":[0,0,0],"ti":[-0.604,0,0]},{"t":20,"s":[103.661,-74.301,0]}],"ix":2},"a":{"a":0,"k":[16.109,-1.862,0],"ix":1},"s":{"a":0,"k":[643.478,643.478,100],"ix":6}},"ao":0,"shapes":[{"ty":"gr","it":[{"ind":0,"ty":"sh","ix":1,"ks":{"a":0,"k":{"i":[[0.048,-0.125],[0.96,0.614],[-0.096,0.096],[-0.893,-0.576]],"o":[[0,0.134],[-0.96,-0.614],[0.096,-0.096],[0.893,0.576]],"v":[[17.775,-0.805],[15.855,-1.506],[14.453,-2.946],[16.133,-1.919]],"c":true},"ix":2},"nm":"Path 1","mn":"ADBE Vector Shape - Group","hd":false},{"ty":"fl","c":{"a":0,"k":[0.149019613862,0.196078434587,0.219607844949,1],"ix":4},"o":{"a":0,"k":100,"ix":5},"r":1,"bm":0,"nm":"Fill 1","mn":"ADBE Vector Graphic - Fill","hd":false},{"ty":"tr","p":{"a":0,"k":[0,0],"ix":2},"a":{"a":0,"k":[0,0],"ix":1},"s":{"a":0,"k":[100,100],"ix":3},"r":{"a":0,"k":0,"ix":6},"o":{"a":0,"k":100,"ix":7},"sk":{"a":0,"k":0,"ix":4},"sa":{"a":0,"k":0,"ix":5},"nm":"Transform"}],"nm":"Group 28","np":2,"cix":2,"bm":0,"ix":1,"mn":"ADBE Vector Group","hd":false}],"ip":0,"op":21,"st":0,"bm":0},{"ddd":0,"ind":25,"ty":4,"nm":"spike - 11","parent":2,"sr":1,"ks":{"o":{"a":0,"k":100,"ix":11},"r":{"a":0,"k":0,"ix":10},"p":{"a":1,"k":[{"i":{"x":0.667,"y":1},"o":{"x":0.333,"y":0},"t":0,"s":[108.659,-104.979,0],"to":[-0.725,0,0],"ti":[0,0,0]},{"i":{"x":0.667,"y":1},"o":{"x":0.333,"y":0},"t":10,"s":[104.311,-104.979,0],"to":[0,0,0],"ti":[-0.725,0,0]},{"t":20,"s":[108.659,-104.979,0]}],"ix":2},"a":{"a":0,"k":[16.886,-6.63,0],"ix":1},"s":{"a":0,"k":[643.478,643.478,100],"ix":6}},"ao":0,"shapes":[{"ty":"gr","it":[{"ind":0,"ty":"sh","ix":1,"ks":{"a":0,"k":{"i":[[0.058,-0.125],[0.826,0.355],[-0.058,0.125],[-0.826,-0.355]],"o":[[-0.058,0.134],[-0.825,-0.355],[0.057,-0.125],[0.826,0.355]],"v":[[18.369,-5.988],[16.785,-6.401],[15.403,-7.275],[16.987,-6.862]],"c":true},"ix":2},"nm":"Path 1","mn":"ADBE Vector Shape - Group","hd":false},{"ty":"fl","c":{"a":0,"k":[0.149019613862,0.196078434587,0.219607844949,1],"ix":4},"o":{"a":0,"k":100,"ix":5},"r":1,"bm":0,"nm":"Fill 1","mn":"ADBE Vector Graphic - Fill","hd":false},{"ty":"tr","p":{"a":0,"k":[0,0],"ix":2},"a":{"a":0,"k":[0,0],"ix":1},"s":{"a":0,"k":[100,100],"ix":3},"r":{"a":0,"k":0,"ix":6},"o":{"a":0,"k":100,"ix":7},"sk":{"a":0,"k":0,"ix":4},"sa":{"a":0,"k":0,"ix":5},"nm":"Transform"}],"nm":"Group 29","np":2,"cix":2,"bm":0,"ix":1,"mn":"ADBE Vector Group","hd":false}],"ip":0,"op":21,"st":0,"bm":0},{"ddd":0,"ind":26,"ty":4,"nm":"spike - 10","parent":2,"sr":1,"ks":{"o":{"a":0,"k":100,"ix":11},"r":{"a":0,"k":0,"ix":10},"p":{"a":1,"k":[{"i":{"x":0.667,"y":1},"o":{"x":0.333,"y":0},"t":0,"s":[104.057,-138.551,0],"to":[-0.604,0,0],"ti":[0,0,0]},{"i":{"x":0.667,"y":1},"o":{"x":0.333,"y":0},"t":10,"s":[100.434,-138.551,0],"to":[0,0,0],"ti":[-0.604,0,0]},{"t":20,"s":[104.057,-138.551,0]}],"ix":2},"a":{"a":0,"k":[16.171,-11.847,0],"ix":1},"s":{"a":0,"k":[643.478,643.478,100],"ix":6}},"ao":0,"shapes":[{"ty":"gr","it":[{"ind":0,"ty":"sh","ix":1,"ks":{"a":0,"k":{"i":[[-0.01,-0.173],[0.845,-0.096],[0.019,0.134],[-0.835,0.106]],"o":[[0,0.134],[-0.845,0.096],[-0.019,-0.134],[0.835,-0.106]],"v":[[17.688,-12.026],[16.2,-11.594],[14.655,-11.652],[16.143,-12.083]],"c":true},"ix":2},"nm":"Path 1","mn":"ADBE Vector Shape - Group","hd":false},{"ty":"fl","c":{"a":0,"k":[0.149019613862,0.196078434587,0.219607844949,1],"ix":4},"o":{"a":0,"k":100,"ix":5},"r":1,"bm":0,"nm":"Fill 1","mn":"ADBE Vector Graphic - Fill","hd":false},{"ty":"tr","p":{"a":0,"k":[0,0],"ix":2},"a":{"a":0,"k":[0,0],"ix":1},"s":{"a":0,"k":[100,100],"ix":3},"r":{"a":0,"k":0,"ix":6},"o":{"a":0,"k":100,"ix":7},"sk":{"a":0,"k":0,"ix":4},"sa":{"a":0,"k":0,"ix":5},"nm":"Transform"}],"nm":"Group 30","np":2,"cix":2,"bm":0,"ix":1,"mn":"ADBE Vector Group","hd":false}],"ip":0,"op":21,"st":0,"bm":0},{"ddd":0,"ind":27,"ty":4,"nm":"spike - 9","parent":2,"sr":1,"ks":{"o":{"a":0,"k":100,"ix":11},"r":{"a":0,"k":0,"ix":10},"p":{"a":1,"k":[{"i":{"x":0.667,"y":1},"o":{"x":0.333,"y":0},"t":0,"s":[95.38,-167.003,0],"to":[-0.604,0,0],"ti":[0,0,0]},{"i":{"x":0.667,"y":1},"o":{"x":0.333,"y":0},"t":10,"s":[91.757,-167.003,0],"to":[0,0,0],"ti":[-0.604,0,0]},{"t":20,"s":[95.38,-167.003,0]}],"ix":2},"a":{"a":0,"k":[14.823,-16.268,0],"ix":1},"s":{"a":0,"k":[643.478,643.478,100],"ix":6}},"ao":0,"shapes":[{"ty":"gr","it":[{"ind":0,"ty":"sh","ix":1,"ks":{"a":0,"k":{"i":[[-0.048,-0.134],[0.864,-0.365],[0.058,0.134],[-0.854,0.365]],"o":[[0.058,0.125],[-0.864,0.365],[-0.058,-0.134],[0.854,-0.365]],"v":[[16.382,-16.931],[14.923,-16.038],[13.263,-15.606],[14.722,-16.499]],"c":true},"ix":2},"nm":"Path 1","mn":"ADBE Vector Shape - Group","hd":false},{"ty":"fl","c":{"a":0,"k":[0.149019613862,0.196078434587,0.219607844949,1],"ix":4},"o":{"a":0,"k":100,"ix":5},"r":1,"bm":0,"nm":"Fill 1","mn":"ADBE Vector Graphic - Fill","hd":false},{"ty":"tr","p":{"a":0,"k":[0,0],"ix":2},"a":{"a":0,"k":[0,0],"ix":1},"s":{"a":0,"k":[100,100],"ix":3},"r":{"a":0,"k":0,"ix":6},"o":{"a":0,"k":100,"ix":7},"sk":{"a":0,"k":0,"ix":4},"sa":{"a":0,"k":0,"ix":5},"nm":"Transform"}],"nm":"Group 31","np":2,"cix":2,"bm":0,"ix":1,"mn":"ADBE Vector Group","hd":false}],"ip":0,"op":21,"st":0,"bm":0},{"ddd":0,"ind":28,"ty":4,"nm":"spike - 8","parent":2,"sr":1,"ks":{"o":{"a":0,"k":100,"ix":11},"r":{"a":0,"k":0,"ix":10},"p":{"a":1,"k":[{"i":{"x":0.667,"y":1},"o":{"x":0.333,"y":0},"t":0,"s":[77.074,-195.485,0],"to":[-0.604,0,0],"ti":[0,0,0]},{"i":{"x":0.667,"y":1},"o":{"x":0.333,"y":0},"t":10,"s":[73.45,-195.485,0],"to":[0,0,0],"ti":[-0.604,0,0]},{"t":20,"s":[77.074,-195.485,0]}],"ix":2},"a":{"a":0,"k":[11.978,-20.695,0],"ix":1},"s":{"a":0,"k":[643.478,643.478,100],"ix":6}},"ao":0,"shapes":[{"ty":"gr","it":[{"ind":0,"ty":"sh","ix":1,"ks":{"a":0,"k":{"i":[[-0.077,-0.115],[0.624,-0.432],[0.077,0.106],[-0.624,0.422]],"o":[[0.086,0.115],[-0.624,0.432],[-0.077,-0.106],[0.624,-0.422]],"v":[[13.061,-21.432],[12.101,-20.473],[10.892,-19.954],[11.852,-20.914]],"c":true},"ix":2},"nm":"Path 1","mn":"ADBE Vector Shape - Group","hd":false},{"ty":"fl","c":{"a":0,"k":[0.149019613862,0.196078434587,0.219607844949,1],"ix":4},"o":{"a":0,"k":100,"ix":5},"r":1,"bm":0,"nm":"Fill 1","mn":"ADBE Vector Graphic - Fill","hd":false},{"ty":"tr","p":{"a":0,"k":[0,0],"ix":2},"a":{"a":0,"k":[0,0],"ix":1},"s":{"a":0,"k":[100,100],"ix":3},"r":{"a":0,"k":0,"ix":6},"o":{"a":0,"k":100,"ix":7},"sk":{"a":0,"k":0,"ix":4},"sa":{"a":0,"k":0,"ix":5},"nm":"Transform"}],"nm":"Group 32","np":2,"cix":2,"bm":0,"ix":1,"mn":"ADBE Vector Group","hd":false}],"ip":0,"op":21,"st":0,"bm":0},{"ddd":0,"ind":29,"ty":4,"nm":"spike - 7","parent":2,"sr":1,"ks":{"o":{"a":0,"k":100,"ix":11},"r":{"a":0,"k":0,"ix":10},"p":{"a":1,"k":[{"i":{"x":0.667,"y":1},"o":{"x":0.333,"y":0},"t":0,"s":[48.037,-214.13,0],"to":[-0.181,0,0],"ti":[0,0,0]},{"i":{"x":0.667,"y":1},"o":{"x":0.333,"y":0},"t":10,"s":[46.95,-214.13,0],"to":[0,0,0],"ti":[-0.181,0,0]},{"t":20,"s":[48.037,-214.13,0]}],"ix":2},"a":{"a":0,"k":[7.465,-23.592,0],"ix":1},"s":{"a":0,"k":[643.478,643.478,100],"ix":6}},"ao":0,"shapes":[{"ty":"gr","it":[{"ind":0,"ty":"sh","ix":1,"ks":{"a":0,"k":{"i":[[-0.096,-0.096],[0.518,-0.47],[0.086,0.096],[-0.518,0.48]],"o":[[0.086,0.106],[-0.518,0.47],[-0.086,-0.096],[0.518,-0.48]],"v":[[8.396,-24.456],[7.629,-23.41],[6.534,-22.728],[7.293,-23.774]],"c":true},"ix":2},"nm":"Path 1","mn":"ADBE Vector Shape - Group","hd":false},{"ty":"fl","c":{"a":0,"k":[0.149019613862,0.196078434587,0.219607844949,1],"ix":4},"o":{"a":0,"k":100,"ix":5},"r":1,"bm":0,"nm":"Fill 1","mn":"ADBE Vector Graphic - Fill","hd":false},{"ty":"tr","p":{"a":0,"k":[0,0],"ix":2},"a":{"a":0,"k":[0,0],"ix":1},"s":{"a":0,"k":[100,100],"ix":3},"r":{"a":0,"k":0,"ix":6},"o":{"a":0,"k":100,"ix":7},"sk":{"a":0,"k":0,"ix":4},"sa":{"a":0,"k":0,"ix":5},"nm":"Transform"}],"nm":"Group 33","np":2,"cix":2,"bm":0,"ix":1,"mn":"ADBE Vector Group","hd":false}],"ip":0,"op":21,"st":0,"bm":0},{"ddd":0,"ind":30,"ty":4,"nm":"spike - 6","parent":2,"sr":1,"ks":{"o":{"a":0,"k":100,"ix":11},"r":{"a":0,"k":0,"ix":10},"p":{"a":1,"k":[{"i":{"x":0.667,"y":1},"o":{"x":0.333,"y":0},"t":0,"s":[17.473,-226.791,0],"to":[-0.06,0,0],"ti":[0,0,0]},{"i":{"x":0.667,"y":1},"o":{"x":0.333,"y":0},"t":10,"s":[17.111,-226.791,0],"to":[0,0,0],"ti":[-0.06,0,0]},{"t":20,"s":[17.473,-226.791,0]}],"ix":2},"a":{"a":0,"k":[2.715,-25.56,0],"ix":1},"s":{"a":0,"k":[643.478,643.478,100],"ix":6}},"ao":0,"shapes":[{"ty":"gr","it":[{"ind":0,"ty":"sh","ix":1,"ks":{"a":0,"k":{"i":[[-0.173,-0.048],[0.23,-0.653],[0.134,0.048],[-0.23,0.653]],"o":[[0.134,0.048],[-0.23,0.653],[-0.134,-0.048],[0.23,-0.653]],"v":[[3.127,-26.731],[2.954,-25.473],[2.301,-24.389],[2.484,-25.646]],"c":true},"ix":2},"nm":"Path 1","mn":"ADBE Vector Shape - Group","hd":false},{"ty":"fl","c":{"a":0,"k":[0.149019613862,0.196078434587,0.219607844949,1],"ix":4},"o":{"a":0,"k":100,"ix":5},"r":1,"bm":0,"nm":"Fill 1","mn":"ADBE Vector Graphic - Fill","hd":false},{"ty":"tr","p":{"a":0,"k":[0,0],"ix":2},"a":{"a":0,"k":[0,0],"ix":1},"s":{"a":0,"k":[100,100],"ix":3},"r":{"a":0,"k":0,"ix":6},"o":{"a":0,"k":100,"ix":7},"sk":{"a":0,"k":0,"ix":4},"sa":{"a":0,"k":0,"ix":5},"nm":"Transform"}],"nm":"Group 34","np":2,"cix":2,"bm":0,"ix":1,"mn":"ADBE Vector Group","hd":false}],"ip":0,"op":21,"st":0,"bm":0},{"ddd":0,"ind":31,"ty":4,"nm":"spike - 5","parent":2,"sr":1,"ks":{"o":{"a":0,"k":100,"ix":11},"r":{"a":0,"k":0,"ix":10},"p":{"a":1,"k":[{"i":{"x":0.667,"y":1},"o":{"x":0.333,"y":0},"t":0,"s":[-29.583,-225.669,0],"to":[-0.121,0,0],"ti":[0,0,0]},{"i":{"x":0.667,"y":1},"o":{"x":0.333,"y":0},"t":10,"s":[-30.308,-225.669,0],"to":[0,0,0],"ti":[-0.121,0,0]},{"t":20,"s":[-29.583,-225.669,0]}],"ix":2},"a":{"a":0,"k":[-4.597,-25.385,0],"ix":1},"s":{"a":0,"k":[643.478,643.478,100],"ix":6}},"ao":0,"shapes":[{"ty":"gr","it":[{"ind":0,"ty":"sh","ix":1,"ks":{"a":0,"k":{"i":[[0.125,-0.058],[0.288,0.912],[-0.134,0.019],[-0.278,-0.873]],"o":[[-0.125,0.058],[-0.288,-0.912],[0.134,-0.019],[0.278,0.873]],"v":[[-4.072,-23.775],[-4.907,-25.281],[-5.08,-27],[-4.427,-25.435]],"c":true},"ix":2},"nm":"Path 1","mn":"ADBE Vector Shape - Group","hd":false},{"ty":"fl","c":{"a":0,"k":[0.149019613862,0.196078434587,0.219607844949,1],"ix":4},"o":{"a":0,"k":100,"ix":5},"r":1,"bm":0,"nm":"Fill 1","mn":"ADBE Vector Graphic - Fill","hd":false},{"ty":"tr","p":{"a":0,"k":[0,0],"ix":2},"a":{"a":0,"k":[0,0],"ix":1},"s":{"a":0,"k":[100,100],"ix":3},"r":{"a":0,"k":0,"ix":6},"o":{"a":0,"k":100,"ix":7},"sk":{"a":0,"k":0,"ix":4},"sa":{"a":0,"k":0,"ix":5},"nm":"Transform"}],"nm":"Group 35","np":2,"cix":2,"bm":0,"ix":1,"mn":"ADBE Vector Group","hd":false}],"ip":0,"op":21,"st":0,"bm":0},{"ddd":0,"ind":32,"ty":4,"nm":"spike - 4","parent":2,"sr":1,"ks":{"o":{"a":0,"k":100,"ix":11},"r":{"a":0,"k":0,"ix":10},"p":{"a":1,"k":[{"i":{"x":0.667,"y":1},"o":{"x":0.333,"y":0},"t":0,"s":[-58.172,-207.922,0],"to":[-0.362,0,0],"ti":[0,0,0]},{"i":{"x":0.667,"y":1},"o":{"x":0.333,"y":0},"t":10,"s":[-60.346,-207.922,0],"to":[0,0,0],"ti":[-0.362,0,0]},{"t":20,"s":[-58.172,-207.922,0]}],"ix":2},"a":{"a":0,"k":[-9.04,-22.627,0],"ix":1},"s":{"a":0,"k":[643.478,643.478,100],"ix":6}},"ao":0,"shapes":[{"ty":"gr","it":[{"ind":0,"ty":"sh","ix":1,"ks":{"a":0,"k":{"i":[[0.154,-0.058],[0.365,0.816],[-0.134,0.058],[-0.365,-0.816]],"o":[[-0.125,0.058],[-0.365,-0.816],[0.134,-0.058],[0.365,0.816]],"v":[[-8.391,-21.145],[-9.275,-22.527],[-9.697,-24.11],[-8.814,-22.728]],"c":true},"ix":2},"nm":"Path 1","mn":"ADBE Vector Shape - Group","hd":false},{"ty":"fl","c":{"a":0,"k":[0.149019613862,0.196078434587,0.219607844949,1],"ix":4},"o":{"a":0,"k":100,"ix":5},"r":1,"bm":0,"nm":"Fill 1","mn":"ADBE Vector Graphic - Fill","hd":false},{"ty":"tr","p":{"a":0,"k":[0,0],"ix":2},"a":{"a":0,"k":[0,0],"ix":1},"s":{"a":0,"k":[100,100],"ix":3},"r":{"a":0,"k":0,"ix":6},"o":{"a":0,"k":100,"ix":7},"sk":{"a":0,"k":0,"ix":4},"sa":{"a":0,"k":0,"ix":5},"nm":"Transform"}],"nm":"Group 36","np":2,"cix":2,"bm":0,"ix":1,"mn":"ADBE Vector Group","hd":false}],"ip":0,"op":21,"st":0,"bm":0},{"ddd":0,"ind":33,"ty":4,"nm":"spike - 3","parent":2,"sr":1,"ks":{"o":{"a":0,"k":100,"ix":11},"r":{"a":0,"k":0,"ix":10},"p":{"a":1,"k":[{"i":{"x":0.667,"y":1},"o":{"x":0.333,"y":0},"t":0,"s":[-81.253,-182.691,0],"to":[-0.483,0,0],"ti":[0,0,0]},{"i":{"x":0.667,"y":1},"o":{"x":0.333,"y":0},"t":10,"s":[-84.151,-182.691,0],"to":[0,0,0],"ti":[-0.483,0,0]},{"t":20,"s":[-81.253,-182.691,0]}],"ix":2},"a":{"a":0,"k":[-12.627,-18.706,0],"ix":1},"s":{"a":0,"k":[643.478,643.478,100],"ix":6}},"ao":0,"shapes":[{"ty":"gr","it":[{"ind":0,"ty":"sh","ix":1,"ks":{"a":0,"k":{"i":[[0.077,-0.115],[0.864,0.691],[-0.096,0.096],[-0.835,-0.691]],"o":[[-0.067,0.115],[-0.864,-0.691],[0.096,-0.096],[0.835,0.691]],"v":[[-11.098,-17.449],[-12.855,-18.409],[-14.151,-19.973],[-12.529,-18.812]],"c":true},"ix":2},"nm":"Path 1","mn":"ADBE Vector Shape - Group","hd":false},{"ty":"fl","c":{"a":0,"k":[0.149019613862,0.196078434587,0.219607844949,1],"ix":4},"o":{"a":0,"k":100,"ix":5},"r":1,"bm":0,"nm":"Fill 1","mn":"ADBE Vector Graphic - Fill","hd":false},{"ty":"tr","p":{"a":0,"k":[0,0],"ix":2},"a":{"a":0,"k":[0,0],"ix":1},"s":{"a":0,"k":[100,100],"ix":3},"r":{"a":0,"k":0,"ix":6},"o":{"a":0,"k":100,"ix":7},"sk":{"a":0,"k":0,"ix":4},"sa":{"a":0,"k":0,"ix":5},"nm":"Transform"}],"nm":"Group 37","np":2,"cix":2,"bm":0,"ix":1,"mn":"ADBE Vector Group","hd":false}],"ip":0,"op":21,"st":0,"bm":0},{"ddd":0,"ind":34,"ty":4,"nm":"spike - 2","parent":2,"sr":1,"ks":{"o":{"a":0,"k":100,"ix":11},"r":{"a":0,"k":0,"ix":10},"p":{"a":1,"k":[{"i":{"x":0.667,"y":1},"o":{"x":0.333,"y":0},"t":0,"s":[-98.777,-153.724,0],"to":[-0.604,0,0],"ti":[0,0,0]},{"i":{"x":0.667,"y":1},"o":{"x":0.333,"y":0},"t":10,"s":[-102.401,-153.724,0],"to":[0,0,0],"ti":[-0.604,0,0]},{"t":20,"s":[-98.777,-153.724,0]}],"ix":2},"a":{"a":0,"k":[-15.351,-14.205,0],"ix":1},"s":{"a":0,"k":[643.478,643.478,100],"ix":6}},"ao":0,"shapes":[{"ty":"gr","it":[{"ind":0,"ty":"sh","ix":1,"ks":{"a":0,"k":{"i":[[0.058,-0.125],[0.854,0.374],[-0.057,0.125],[-0.845,-0.374]],"o":[[-0.058,0.125],[-0.854,-0.374],[0.058,-0.125],[0.845,0.374]],"v":[[-13.815,-13.523],[-15.456,-13.974],[-16.886,-14.886],[-15.255,-14.435]],"c":true},"ix":2},"nm":"Path 1","mn":"ADBE Vector Shape - Group","hd":false},{"ty":"fl","c":{"a":0,"k":[0.149019613862,0.196078434587,0.219607844949,1],"ix":4},"o":{"a":0,"k":100,"ix":5},"r":1,"bm":0,"nm":"Fill 1","mn":"ADBE Vector Graphic - Fill","hd":false},{"ty":"tr","p":{"a":0,"k":[0,0],"ix":2},"a":{"a":0,"k":[0,0],"ix":1},"s":{"a":0,"k":[100,100],"ix":3},"r":{"a":0,"k":0,"ix":6},"o":{"a":0,"k":100,"ix":7},"sk":{"a":0,"k":0,"ix":4},"sa":{"a":0,"k":0,"ix":5},"nm":"Transform"}],"nm":"Group 38","np":2,"cix":2,"bm":0,"ix":1,"mn":"ADBE Vector Group","hd":false}],"ip":0,"op":21,"st":0,"bm":0},{"ddd":0,"ind":35,"ty":4,"nm":"spike - 1","parent":2,"sr":1,"ks":{"o":{"a":0,"k":100,"ix":11},"r":{"a":0,"k":0,"ix":10},"p":{"a":1,"k":[{"i":{"x":0.667,"y":1},"o":{"x":0.333,"y":0},"t":0,"s":[-102.915,-116.349,0],"to":[-0.664,0,0],"ti":[0,0,0]},{"i":{"x":0.667,"y":1},"o":{"x":0.333,"y":0},"t":10,"s":[-106.9,-116.349,0],"to":[0,0,0],"ti":[-0.664,0,0]},{"t":20,"s":[-102.915,-116.349,0]}],"ix":2},"a":{"a":0,"k":[-15.994,-8.397,0],"ix":1},"s":{"a":0,"k":[643.478,643.478,100],"ix":6}},"ao":0,"shapes":[{"ty":"gr","it":[{"ind":0,"ty":"sh","ix":1,"ks":{"a":0,"k":{"i":[[0.01,-0.115],[1.056,0.086],[-0.01,0.134],[-1.056,-0.086]],"o":[[0,0.144],[-1.056,-0.086],[0.01,-0.134],[1.056,0.086]],"v":[[-14.103,-8.244],[-16.022,-8.148],[-17.884,-8.551],[-15.965,-8.647]],"c":true},"ix":2},"nm":"Path 1","mn":"ADBE Vector Shape - Group","hd":false},{"ty":"fl","c":{"a":0,"k":[0.149019613862,0.196078434587,0.219607844949,1],"ix":4},"o":{"a":0,"k":100,"ix":5},"r":1,"bm":0,"nm":"Fill 1","mn":"ADBE Vector Graphic - Fill","hd":false},{"ty":"tr","p":{"a":0,"k":[0,0],"ix":2},"a":{"a":0,"k":[0,0],"ix":1},"s":{"a":0,"k":[100,100],"ix":3},"r":{"a":0,"k":0,"ix":6},"o":{"a":0,"k":100,"ix":7},"sk":{"a":0,"k":0,"ix":4},"sa":{"a":0,"k":0,"ix":5},"nm":"Transform"}],"nm":"Group 39","np":2,"cix":2,"bm":0,"ix":1,"mn":"ADBE Vector Group","hd":false}],"ip":0,"op":21,"st":0,"bm":0},{"ddd":0,"ind":36,"ty":4,"nm":"Group 42","parent":2,"sr":1,"ks":{"o":{"a":0,"k":100,"ix":11},"r":{"a":0,"k":-2.1,"ix":10},"p":{"a":0,"k":[-76.337,-218.889,0],"ix":2},"a":{"a":0,"k":[10.994,-24.782,0],"ix":1},"s":{"a":0,"k":[-643.478,643.478,100],"ix":6}},"ao":0,"shapes":[{"ty":"gr","it":[{"ind":0,"ty":"sh","ix":1,"ks":{"a":1,"k":[{"i":{"x":0.667,"y":1},"o":{"x":0.333,"y":0},"t":0,"s":[{"i":[[0.32,-0.431],[-0.657,1.825],[0.618,4.646],[1.066,2.333],[1.503,1.455],[1.299,0.554],[-0.01,0.038],[-0.136,-0.025],[-0.369,-0.132],[-1.103,-0.931],[-1.048,-1.864],[-0.348,-2.594],[1.631,-4.473],[0.269,-0.662],[0.249,-0.442]],"o":[[0.839,-1.749],[1.503,-4.44],[-0.347,-2.542],[-1.169,-1.587],[-1.06,-0.934],[-0.96,-0.384],[0.136,-0.025],[0.385,0.072],[1.354,0.498],[1.592,1.451],[1.115,2.368],[0.641,4.718],[-0.278,0.864],[-0.269,0.662],[-0.249,0.476]],"v":[[6.467,9.59],[8.432,4.2],[10.282,-9.587],[7.813,-16.927],[3.904,-21.982],[0.737,-24.245],[-0.732,-24.763],[-0.319,-24.763],[0.814,-24.456],[4.134,-22.279],[8.255,-17.157],[10.8,-9.683],[8.787,4.286],[8.016,6.569],[7.293,8.246]],"c":true}]},{"i":{"x":0.667,"y":1},"o":{"x":0.333,"y":0},"t":10,"s":[{"i":[[0.32,-0.431],[-0.69,1.606],[0.618,4.646],[0.86,1.334],[0.919,0.777],[1.299,0.554],[-0.01,0.038],[-0.136,-0.025],[-0.369,-0.132],[-1.215,-1.041],[-0.867,-1.459],[-0.348,-2.594],[0.735,-1.46],[0.269,-0.662],[0.249,-0.442]],"o":[[0.839,-1.749],[0.69,-1.606],[-0.347,-2.542],[-0.86,-1.334],[-0.919,-0.777],[-0.96,-0.384],[0.136,-0.025],[0.385,0.072],[1.354,0.498],[1.215,1.041],[0.867,1.459],[0.641,4.718],[-0.735,1.46],[-0.269,0.662],[-0.249,0.476]],"v":[[6.467,9.59],[9.558,4.224],[11.408,-9.587],[9.109,-16.938],[4.298,-21.999],[0.737,-24.245],[-0.732,-24.763],[-0.319,-24.763],[0.814,-24.456],[4.528,-22.296],[9.55,-17.168],[11.927,-9.683],[9.913,4.311],[8.804,6.564],[7.631,8.233]],"c":true}]},{"t":20,"s":[{"i":[[0.32,-0.431],[-0.657,1.825],[0.618,4.646],[1.066,2.333],[1.503,1.455],[1.299,0.554],[-0.01,0.038],[-0.136,-0.025],[-0.369,-0.132],[-1.103,-0.931],[-1.048,-1.864],[-0.348,-2.594],[1.631,-4.473],[0.269,-0.662],[0.249,-0.442]],"o":[[0.839,-1.749],[1.503,-4.44],[-0.347,-2.542],[-1.169,-1.587],[-1.06,-0.934],[-0.96,-0.384],[0.136,-0.025],[0.385,0.072],[1.354,0.498],[1.592,1.451],[1.115,2.368],[0.641,4.718],[-0.278,0.864],[-0.269,0.662],[-0.249,0.476]],"v":[[6.467,9.59],[8.432,4.2],[10.282,-9.587],[7.813,-16.927],[3.904,-21.982],[0.737,-24.245],[-0.732,-24.763],[-0.319,-24.763],[0.814,-24.456],[4.134,-22.279],[8.255,-17.157],[10.8,-9.683],[8.787,4.286],[8.016,6.569],[7.293,8.246]],"c":true}]}],"ix":2},"nm":"Path 1","mn":"ADBE Vector Shape - Group","hd":false},{"ty":"fl","c":{"a":0,"k":[1,1,1,1],"ix":4},"o":{"a":0,"k":100,"ix":5},"r":1,"bm":0,"nm":"Fill 1","mn":"ADBE Vector Graphic - Fill","hd":false},{"ty":"tr","p":{"a":0,"k":[0,0],"ix":2},"a":{"a":0,"k":[0,0],"ix":1},"s":{"a":0,"k":[100,100],"ix":3},"r":{"a":0,"k":0,"ix":6},"o":{"a":0,"k":100,"ix":7},"sk":{"a":0,"k":0,"ix":4},"sa":{"a":0,"k":0,"ix":5},"nm":"Transform"}],"nm":"Group 5","np":2,"cix":2,"bm":0,"ix":1,"mn":"ADBE Vector Group","hd":false}],"ip":0,"op":21,"st":0,"bm":0},{"ddd":0,"ind":37,"ty":4,"nm":"Group 5","parent":2,"sr":1,"ks":{"o":{"a":0,"k":100,"ix":11},"r":{"a":0,"k":0,"ix":10},"p":{"a":0,"k":[32.53,-111.198,0],"ix":2},"a":{"a":0,"k":[5.055,-7.596,0],"ix":1},"s":{"a":0,"k":[643.478,643.478,100],"ix":6}},"ao":0,"shapes":[{"ty":"gr","it":[{"ind":0,"ty":"sh","ix":1,"ks":{"a":1,"k":[{"i":{"x":0.667,"y":1},"o":{"x":0.333,"y":0},"t":0,"s":[{"i":[[0.32,-0.431],[-0.69,1.606],[0.618,4.646],[0.86,1.334],[0.919,0.777],[1.299,0.554],[-0.01,0.038],[-0.136,-0.025],[-0.369,-0.132],[-1.215,-1.041],[-0.867,-1.459],[-0.348,-2.594],[0.735,-1.46],[0.269,-0.662],[0.249,-0.442]],"o":[[0.839,-1.749],[0.69,-1.606],[-0.347,-2.542],[-0.86,-1.334],[-0.919,-0.777],[-0.96,-0.384],[0.136,-0.025],[0.385,0.072],[1.354,0.498],[1.215,1.041],[0.867,1.459],[0.641,4.718],[-0.735,1.46],[-0.269,0.662],[-0.249,0.476]],"v":[[6.467,9.59],[9.558,4.224],[11.408,-9.587],[9.109,-16.938],[4.298,-21.999],[0.737,-24.245],[-0.732,-24.763],[-0.319,-24.763],[0.814,-24.456],[4.528,-22.296],[9.55,-17.168],[11.927,-9.683],[9.913,4.311],[8.804,6.564],[7.631,8.233]],"c":true}]},{"i":{"x":0.667,"y":1},"o":{"x":0.333,"y":0},"t":10,"s":[{"i":[[0.32,-0.431],[-0.657,1.825],[0.618,4.646],[1.066,2.333],[1.503,1.455],[1.299,0.554],[-0.01,0.038],[-0.136,-0.025],[-0.369,-0.132],[-1.103,-0.931],[-1.048,-1.864],[-0.348,-2.594],[1.631,-4.473],[0.269,-0.662],[0.249,-0.442]],"o":[[0.839,-1.749],[1.503,-4.44],[-0.347,-2.542],[-1.169,-1.587],[-1.06,-0.934],[-0.96,-0.384],[0.136,-0.025],[0.385,0.072],[1.354,0.498],[1.592,1.451],[1.115,2.368],[0.641,4.718],[-0.278,0.864],[-0.269,0.662],[-0.249,0.476]],"v":[[6.467,9.59],[8.432,4.2],[10.282,-9.587],[7.813,-16.927],[3.904,-21.982],[0.737,-24.245],[-0.732,-24.763],[-0.319,-24.763],[0.814,-24.456],[4.134,-22.279],[8.255,-17.157],[10.8,-9.683],[8.787,4.286],[8.016,6.569],[7.293,8.246]],"c":true}]},{"t":20,"s":[{"i":[[0.32,-0.431],[-0.69,1.606],[0.618,4.646],[0.86,1.334],[0.919,0.777],[1.299,0.554],[-0.01,0.038],[-0.136,-0.025],[-0.369,-0.132],[-1.215,-1.041],[-0.867,-1.459],[-0.348,-2.594],[0.735,-1.46],[0.269,-0.662],[0.249,-0.442]],"o":[[0.839,-1.749],[0.69,-1.606],[-0.347,-2.542],[-0.86,-1.334],[-0.919,-0.777],[-0.96,-0.384],[0.136,-0.025],[0.385,0.072],[1.354,0.498],[1.215,1.041],[0.867,1.459],[0.641,4.718],[-0.735,1.46],[-0.269,0.662],[-0.249,0.476]],"v":[[6.467,9.59],[9.558,4.224],[11.408,-9.587],[9.109,-16.938],[4.298,-21.999],[0.737,-24.245],[-0.732,-24.763],[-0.319,-24.763],[0.814,-24.456],[4.528,-22.296],[9.55,-17.168],[11.927,-9.683],[9.913,4.311],[8.804,6.564],[7.631,8.233]],"c":true}]}],"ix":2},"nm":"Path 1","mn":"ADBE Vector Shape - Group","hd":false},{"ty":"fl","c":{"a":0,"k":[1,1,1,1],"ix":4},"o":{"a":0,"k":100,"ix":5},"r":1,"bm":0,"nm":"Fill 1","mn":"ADBE Vector Graphic - Fill","hd":false},{"ty":"tr","p":{"a":0,"k":[0,0],"ix":2},"a":{"a":0,"k":[0,0],"ix":1},"s":{"a":0,"k":[100,100],"ix":3},"r":{"a":0,"k":0,"ix":6},"o":{"a":0,"k":100,"ix":7},"sk":{"a":0,"k":0,"ix":4},"sa":{"a":0,"k":0,"ix":5},"nm":"Transform"}],"nm":"Group 5","np":2,"cix":2,"bm":0,"ix":1,"mn":"ADBE Vector Group","hd":false}],"ip":0,"op":21,"st":0,"bm":0},{"ddd":0,"ind":38,"ty":4,"nm":"Group 40","parent":2,"sr":1,"ks":{"o":{"a":0,"k":100,"ix":11},"r":{"a":0,"k":0,"ix":10},"p":{"a":0,"k":[3.453,-108.944,0],"ix":2},"a":{"a":0,"k":[0.537,-7.246,0],"ix":1},"s":{"a":0,"k":[643.478,643.478,100],"ix":6}},"ao":0,"shapes":[{"ty":"gr","it":[{"ind":0,"ty":"sh","ix":1,"ks":{"a":1,"k":[{"i":{"x":0.667,"y":1},"o":{"x":0.333,"y":0},"t":0,"s":[{"i":[[0.085,-0.446],[-0.008,0.453],[0.048,1.478],[0.202,4.732],[0.192,3.091],[0.058,0.96],[-0.036,0.45],[-0.026,-0.451],[-0.144,-1.545],[-0.211,-4.732],[0.01,-3.1],[0.058,-0.864]],"o":[[-0.072,-0.447],[0,-0.96],[-0.077,-3.1],[-0.202,-4.732],[-0.086,-1.478],[-0.036,-0.45],[0.121,0.436],[0.106,0.864],[0.288,3.091],[0.211,4.732],[0,1.555],[0.008,0.454]],"v":[[1.207,9.878],[1.252,8.524],[1.217,4.858],[0.954,-7.256],[0.151,-19.35],[-0.281,-23.016],[-0.281,-24.37],[-0.06,-23.035],[0.525,-19.378],[1.473,-7.275],[1.591,4.848],[1.463,8.524]],"c":true}]},{"i":{"x":0.667,"y":1},"o":{"x":0.333,"y":0},"t":10,"s":[{"i":[[0.085,-0.446],[-0.008,0.453],[0.048,1.478],[0.202,4.732],[0.192,3.091],[0.058,0.96],[-0.036,0.45],[-0.026,-0.451],[-0.144,-1.545],[-0.211,-4.732],[0.01,-3.1],[0.058,-0.864]],"o":[[-0.072,-0.447],[0,-0.96],[-0.077,-3.1],[-0.202,-4.732],[-0.086,-1.478],[-0.036,-0.45],[0.121,0.436],[0.106,0.864],[0.288,3.091],[0.211,4.732],[0,1.555],[0.008,0.454]],"v":[[1.207,9.878],[0.97,8.524],[0.794,4.858],[0.25,-7.256],[-0.271,-19.35],[-0.281,-23.016],[-0.281,-24.37],[-0.06,-23.035],[0.103,-19.378],[0.769,-7.275],[1.169,4.848],[1.181,8.524]],"c":true}]},{"t":20,"s":[{"i":[[0.085,-0.446],[-0.008,0.453],[0.048,1.478],[0.202,4.732],[0.192,3.091],[0.058,0.96],[-0.036,0.45],[-0.026,-0.451],[-0.144,-1.545],[-0.211,-4.732],[0.01,-3.1],[0.058,-0.864]],"o":[[-0.072,-0.447],[0,-0.96],[-0.077,-3.1],[-0.202,-4.732],[-0.086,-1.478],[-0.036,-0.45],[0.121,0.436],[0.106,0.864],[0.288,3.091],[0.211,4.732],[0,1.555],[0.008,0.454]],"v":[[1.207,9.878],[1.252,8.524],[1.217,4.858],[0.954,-7.256],[0.151,-19.35],[-0.281,-23.016],[-0.281,-24.37],[-0.06,-23.035],[0.525,-19.378],[1.473,-7.275],[1.591,4.848],[1.463,8.524]],"c":true}]}],"ix":2},"nm":"Path 1","mn":"ADBE Vector Shape - Group","hd":false},{"ty":"fl","c":{"a":0,"k":[1,1,1,1],"ix":4},"o":{"a":0,"k":100,"ix":5},"r":1,"bm":0,"nm":"Fill 1","mn":"ADBE Vector Graphic - Fill","hd":false},{"ty":"tr","p":{"a":0,"k":[0,0],"ix":2},"a":{"a":0,"k":[0,0],"ix":1},"s":{"a":0,"k":[100,100],"ix":3},"r":{"a":0,"k":0,"ix":6},"o":{"a":0,"k":100,"ix":7},"sk":{"a":0,"k":0,"ix":4},"sa":{"a":0,"k":0,"ix":5},"nm":"Transform"}],"nm":"Group 40","np":2,"cix":2,"bm":0,"ix":1,"mn":"ADBE Vector Group","hd":false}],"ip":0,"op":21,"st":0,"bm":0},{"ddd":0,"ind":39,"ty":4,"nm":"Group 41","parent":2,"sr":1,"ks":{"o":{"a":0,"k":100,"ix":11},"r":{"a":0,"k":0,"ix":10},"p":{"a":0,"k":[4.191,-112.871,0],"ix":2},"a":{"a":0,"k":[0.651,-7.856,0],"ix":1},"s":{"a":0,"k":[643.478,643.478,100],"ix":6}},"ao":0,"shapes":[{"ty":"gr","it":[{"ind":0,"ty":"sh","ix":1,"ks":{"a":0,"k":{"i":[[3.114,-0.026],[2.602,-1.711],[-0.211,-5.893],[-4.81,-2.223],[-4.182,2.168],[-1.494,2.732],[-0.179,3.109],[1.41,2.777],[2.586,1.737]],"o":[[-3.114,0.026],[-4.828,3.379],[0.211,5.893],[4.81,2.223],[1.73,-0.816],[1.494,-2.732],[0.124,-3.112],[-1.41,-2.777],[-2.63,-1.668]],"v":[[0.135,-24.975],[-8.622,-22.316],[-15.686,-6.91],[-7.288,9.264],[8.348,9.206],[14.446,2.279],[16.987,-6.593],[15.027,-15.575],[8.934,-22.46]],"c":true},"ix":2},"nm":"Path 1","mn":"ADBE Vector Shape - Group","hd":false},{"ty":"fl","c":{"a":0,"k":[0.101960785687,0.57647061348,0.435294121504,1],"ix":4},"o":{"a":0,"k":100,"ix":5},"r":1,"bm":0,"nm":"Fill 1","mn":"ADBE Vector Graphic - Fill","hd":false},{"ty":"tr","p":{"a":0,"k":[0,0],"ix":2},"a":{"a":0,"k":[0,0],"ix":1},"s":{"a":0,"k":[100,100],"ix":3},"r":{"a":0,"k":0,"ix":6},"o":{"a":0,"k":100,"ix":7},"sk":{"a":0,"k":0,"ix":4},"sa":{"a":0,"k":0,"ix":5},"nm":"Transform"}],"nm":"Group 41","np":2,"cix":2,"bm":0,"ix":1,"mn":"ADBE Vector Group","hd":false}],"ip":0,"op":21,"st":0,"bm":0},{"ddd":0,"ind":40,"ty":0,"nm":"BG4","refId":"comp_1","sr":1,"ks":{"o":{"a":0,"k":100,"ix":11},"r":{"a":0,"k":0,"ix":10},"p":{"a":0,"k":[125,90,0],"ix":2},"a":{"a":0,"k":[125,90,0],"ix":1},"s":{"a":0,"k":[100,100,100],"ix":6}},"ao":0,"w":250,"h":180,"ip":0,"op":21,"st":0,"bm":0}]},{"id":"comp_1","layers":[{"ddd":0,"ind":1,"ty":4,"nm":"BG 2","sr":1,"ks":{"o":{"a":0,"k":25,"ix":11},"r":{"a":0,"k":0,"ix":10},"p":{"a":0,"k":[124.463,90.541,0],"ix":2},"a":{"a":0,"k":[-0.242,-3.36,0],"ix":1},"s":{"a":0,"k":[222,222,100],"ix":6}},"ao":0,"shapes":[{"ty":"gr","it":[{"ind":0,"ty":"sh","ix":1,"ks":{"a":1,"k":[{"i":{"x":0.833,"y":0.833},"o":{"x":0.167,"y":0.167},"t":0,"s":[{"i":[[21,14],[-9,9],[-12,-10],[3.438,-8.313]],"o":[[-16.813,-11.188],[10,-7],[3.25,2.688],[-5,12]],"v":[[-18.188,8.374],[-13.729,-22.5],[15.813,-20.752],[23.596,11.5]],"c":true}]},{"i":{"x":0.833,"y":0.833},"o":{"x":0.167,"y":0.167},"t":1,"s":[{"i":[[21,14],[-9,9],[-12,-10],[3.438,-8.313]],"o":[[-16.813,-11.188],[10,-7],[3.25,2.688],[-5,12]],"v":[[-18.188,8.041],[-13.422,-22.5],[15.813,-20.687],[23.87,11.5]],"c":true}]},{"i":{"x":0.833,"y":0.833},"o":{"x":0.167,"y":0.167},"t":2,"s":[{"i":[[21,14],[-9,9],[-12,-10],[3.438,-8.313]],"o":[[-16.813,-11.188],[10,-7],[3.25,2.688],[-5,12]],"v":[[-18.188,7.735],[-13.17,-22.5],[15.813,-20.515],[24.21,11.5]],"c":true}]},{"i":{"x":0.833,"y":0.833},"o":{"x":0.167,"y":0.167},"t":3,"s":[{"i":[[21,14],[-9,9],[-12,-10],[3.438,-8.313]],"o":[[-16.813,-11.188],[10,-7],[3.25,2.688],[-5,12]],"v":[[-18.188,7.483],[-12.998,-22.5],[15.813,-20.265],[24.575,11.5]],"c":true}]},{"i":{"x":0.833,"y":0.833},"o":{"x":0.167,"y":0.167},"t":4,"s":[{"i":[[21,14],[-9,9],[-12,-10],[3.438,-8.313]],"o":[[-16.813,-11.188],[10,-7],[3.25,2.688],[-5,12]],"v":[[-18.188,7.31],[-12.935,-22.5],[15.813,-19.957],[24.939,11.5]],"c":true}]},{"i":{"x":0.833,"y":0.833},"o":{"x":0.167,"y":0.167},"t":5,"s":[{"i":[[21,14],[-9,9],[-12,-10],[3.438,-8.313]],"o":[[-16.813,-11.188],[10,-7],[3.25,2.688],[-5,12]],"v":[[-18.188,7.248],[-13,-22.5],[15.813,-19.625],[25.277,11.5]],"c":true}]},{"i":{"x":0.833,"y":0.833},"o":{"x":0.167,"y":0.167},"t":6,"s":[{"i":[[21,14],[-9,9],[-12,-10],[3.438,-8.313]],"o":[[-16.813,-11.188],[10,-7],[3.25,2.688],[-5,12]],"v":[[-18.188,7.313],[-13.173,-22.5],[15.813,-19.294],[25.553,11.5]],"c":true}]},{"i":{"x":0.833,"y":0.833},"o":{"x":0.167,"y":0.167},"t":7,"s":[{"i":[[21,14],[-9,9],[-12,-10],[3.438,-8.313]],"o":[[-16.813,-11.188],[10,-7],[3.25,2.688],[-5,12]],"v":[[-18.188,7.485],[-13.422,-22.5],[15.813,-18.987],[25.742,11.5]],"c":true}]},{"i":{"x":0.833,"y":0.833},"o":{"x":0.167,"y":0.167},"t":8,"s":[{"i":[[21,14],[-9,9],[-12,-10],[3.438,-8.313]],"o":[[-16.813,-11.188],[10,-7],[3.25,2.688],[-5,12]],"v":[[-18.188,7.735],[-13.731,-22.5],[15.813,-18.736],[25.813,11.5]],"c":true}]},{"i":{"x":0.833,"y":0.833},"o":{"x":0.167,"y":0.167},"t":9,"s":[{"i":[[21,14],[-9,9],[-12,-10],[3.438,-8.313]],"o":[[-16.813,-11.188],[10,-7],[3.25,2.688],[-5,12]],"v":[[-18.188,8.043],[-14.062,-22.5],[15.813,-18.564],[25.742,11.5]],"c":true}]},{"i":{"x":0.833,"y":0.833},"o":{"x":0.167,"y":0.167},"t":10,"s":[{"i":[[21,14],[-9,9],[-12,-10],[3.438,-8.313]],"o":[[-16.813,-11.188],[10,-7],[3.25,2.688],[-5,12]],"v":[[-18.188,8.375],[-14.394,-22.5],[15.813,-18.5],[25.553,11.5]],"c":true}]},{"i":{"x":0.833,"y":0.833},"o":{"x":0.167,"y":0.167},"t":11,"s":[{"i":[[21,14],[-9,9],[-12,-10],[3.438,-8.313]],"o":[[-16.813,-11.188],[10,-7],[3.25,2.688],[-5,12]],"v":[[-18.188,8.706],[-14.701,-22.5],[15.813,-18.565],[25.277,11.5]],"c":true}]},{"i":{"x":0.833,"y":0.833},"o":{"x":0.167,"y":0.167},"t":12,"s":[{"i":[[21,14],[-9,9],[-12,-10],[3.438,-8.313]],"o":[[-16.813,-11.188],[10,-7],[3.25,2.688],[-5,12]],"v":[[-18.188,9.013],[-14.952,-22.5],[15.813,-18.737],[24.939,11.5]],"c":true}]},{"i":{"x":0.833,"y":0.833},"o":{"x":0.167,"y":0.167},"t":13,"s":[{"i":[[21,14],[-9,9],[-12,-10],[3.438,-8.313]],"o":[[-16.813,-11.188],[10,-7],[3.25,2.688],[-5,12]],"v":[[-18.188,9.264],[-15.123,-22.5],[15.813,-18.987],[24.575,11.5]],"c":true}]},{"i":{"x":0.833,"y":0.833},"o":{"x":0.167,"y":0.167},"t":14,"s":[{"i":[[21,14],[-9,9],[-12,-10],[3.438,-8.313]],"o":[[-16.813,-11.188],[10,-7],[3.25,2.688],[-5,12]],"v":[[-18.188,9.436],[-15.188,-22.5],[15.813,-19.296],[24.21,11.5]],"c":true}]},{"i":{"x":0.833,"y":0.833},"o":{"x":0.167,"y":0.167},"t":15,"s":[{"i":[[21,14],[-9,9],[-12,-10],[3.438,-8.313]],"o":[[-16.813,-11.188],[10,-7],[3.25,2.688],[-5,12]],"v":[[-18.188,9.5],[-15.122,-22.5],[15.813,-19.627],[23.87,11.5]],"c":true}]},{"i":{"x":0.833,"y":0.833},"o":{"x":0.167,"y":0.167},"t":16,"s":[{"i":[[21,14],[-9,9],[-12,-10],[3.438,-8.313]],"o":[[-16.813,-11.188],[10,-7],[3.25,2.688],[-5,12]],"v":[[-18.188,9.435],[-14.95,-22.5],[15.813,-19.958],[23.596,11.5]],"c":true}]},{"i":{"x":0.833,"y":0.833},"o":{"x":0.167,"y":0.167},"t":17,"s":[{"i":[[21,14],[-9,9],[-12,-10],[3.438,-8.313]],"o":[[-16.813,-11.188],[10,-7],[3.25,2.688],[-5,12]],"v":[[-18.188,9.263],[-14.701,-22.5],[15.813,-20.266],[23.407,11.5]],"c":true}]},{"i":{"x":0.833,"y":0.833},"o":{"x":0.167,"y":0.167},"t":18,"s":[{"i":[[21,14],[-9,9],[-12,-10],[3.438,-8.313]],"o":[[-16.813,-11.188],[10,-7],[3.25,2.688],[-5,12]],"v":[[-18.188,9.013],[-14.392,-22.5],[15.813,-20.516],[23.335,11.5]],"c":true}]},{"i":{"x":0.833,"y":0.833},"o":{"x":0.167,"y":0.167},"t":19,"s":[{"i":[[21,14],[-9,9],[-12,-10],[3.438,-8.313]],"o":[[-16.813,-11.188],[10,-7],[3.25,2.688],[-5,12]],"v":[[-18.188,8.704],[-14.06,-22.5],[15.813,-20.688],[23.407,11.5]],"c":true}]},{"t":20,"s":[{"i":[[21,14],[-9,9],[-12,-10],[3.438,-8.313]],"o":[[-16.813,-11.188],[10,-7],[3.25,2.688],[-5,12]],"v":[[-18.188,8.373],[-13.729,-22.5],[15.813,-20.752],[23.596,11.5]],"c":true}]}],"ix":2},"nm":"Path 1","mn":"ADBE Vector Shape - Group","hd":false},{"ty":"fl","c":{"a":0,"k":[0.533333361149,0.831372559071,0.596078455448,1],"ix":4},"o":{"a":0,"k":100,"ix":5},"r":1,"bm":0,"nm":"Fill 1","mn":"ADBE Vector Graphic - Fill","hd":false},{"ty":"tr","p":{"a":0,"k":[0,0],"ix":2},"a":{"a":0,"k":[0,0],"ix":1},"s":{"a":0,"k":[100,100],"ix":3},"r":{"a":0,"k":0,"ix":6},"o":{"a":0,"k":100,"ix":7},"sk":{"a":0,"k":0,"ix":4},"sa":{"a":0,"k":0,"ix":5},"nm":"Transform"}],"nm":"Group 42","np":2,"cix":2,"bm":0,"ix":1,"mn":"ADBE Vector Group","hd":false}],"ip":0,"op":21,"st":0,"bm":0},{"ddd":0,"ind":2,"ty":4,"nm":"BG","sr":1,"ks":{"o":{"a":0,"k":100,"ix":11},"r":{"a":0,"k":0,"ix":10},"p":{"a":0,"k":[124.463,90.541,0],"ix":2},"a":{"a":0,"k":[-0.242,-3.36,0],"ix":1},"s":{"a":0,"k":[222,222,100],"ix":6}},"ao":0,"shapes":[{"ty":"gr","it":[{"ind":0,"ty":"sh","ix":1,"ks":{"a":1,"k":[{"i":{"x":0.833,"y":0.833},"o":{"x":0.167,"y":0.167},"t":0,"s":[{"i":[[21,14],[-9,9],[-12,-10],[3.438,-8.313]],"o":[[-16.813,-11.188],[10,-7],[3.25,2.688],[-5,12]],"v":[[-18.188,8.374],[-13.729,-22.5],[15.813,-20.752],[23.596,11.5]],"c":true}]},{"i":{"x":0.833,"y":0.833},"o":{"x":0.167,"y":0.167},"t":1,"s":[{"i":[[21,14],[-9,9],[-12,-10],[3.438,-8.313]],"o":[[-16.813,-11.188],[10,-7],[3.25,2.688],[-5,12]],"v":[[-18.188,8.041],[-13.422,-22.5],[15.813,-20.687],[23.87,11.5]],"c":true}]},{"i":{"x":0.833,"y":0.833},"o":{"x":0.167,"y":0.167},"t":2,"s":[{"i":[[21,14],[-9,9],[-12,-10],[3.438,-8.313]],"o":[[-16.813,-11.188],[10,-7],[3.25,2.688],[-5,12]],"v":[[-18.188,7.735],[-13.17,-22.5],[15.813,-20.515],[24.21,11.5]],"c":true}]},{"i":{"x":0.833,"y":0.833},"o":{"x":0.167,"y":0.167},"t":3,"s":[{"i":[[21,14],[-9,9],[-12,-10],[3.438,-8.313]],"o":[[-16.813,-11.188],[10,-7],[3.25,2.688],[-5,12]],"v":[[-18.188,7.483],[-12.998,-22.5],[15.813,-20.265],[24.575,11.5]],"c":true}]},{"i":{"x":0.833,"y":0.833},"o":{"x":0.167,"y":0.167},"t":4,"s":[{"i":[[21,14],[-9,9],[-12,-10],[3.438,-8.313]],"o":[[-16.813,-11.188],[10,-7],[3.25,2.688],[-5,12]],"v":[[-18.188,7.31],[-12.935,-22.5],[15.813,-19.957],[24.939,11.5]],"c":true}]},{"i":{"x":0.833,"y":0.833},"o":{"x":0.167,"y":0.167},"t":5,"s":[{"i":[[21,14],[-9,9],[-12,-10],[3.438,-8.313]],"o":[[-16.813,-11.188],[10,-7],[3.25,2.688],[-5,12]],"v":[[-18.188,7.248],[-13,-22.5],[15.813,-19.625],[25.277,11.5]],"c":true}]},{"i":{"x":0.833,"y":0.833},"o":{"x":0.167,"y":0.167},"t":6,"s":[{"i":[[21,14],[-9,9],[-12,-10],[3.438,-8.313]],"o":[[-16.813,-11.188],[10,-7],[3.25,2.688],[-5,12]],"v":[[-18.188,7.313],[-13.173,-22.5],[15.813,-19.294],[25.553,11.5]],"c":true}]},{"i":{"x":0.833,"y":0.833},"o":{"x":0.167,"y":0.167},"t":7,"s":[{"i":[[21,14],[-9,9],[-12,-10],[3.438,-8.313]],"o":[[-16.813,-11.188],[10,-7],[3.25,2.688],[-5,12]],"v":[[-18.188,7.485],[-13.422,-22.5],[15.813,-18.987],[25.742,11.5]],"c":true}]},{"i":{"x":0.833,"y":0.833},"o":{"x":0.167,"y":0.167},"t":8,"s":[{"i":[[21,14],[-9,9],[-12,-10],[3.438,-8.313]],"o":[[-16.813,-11.188],[10,-7],[3.25,2.688],[-5,12]],"v":[[-18.188,7.735],[-13.731,-22.5],[15.813,-18.736],[25.813,11.5]],"c":true}]},{"i":{"x":0.833,"y":0.833},"o":{"x":0.167,"y":0.167},"t":9,"s":[{"i":[[21,14],[-9,9],[-12,-10],[3.438,-8.313]],"o":[[-16.813,-11.188],[10,-7],[3.25,2.688],[-5,12]],"v":[[-18.188,8.043],[-14.062,-22.5],[15.813,-18.564],[25.742,11.5]],"c":true}]},{"i":{"x":0.833,"y":0.833},"o":{"x":0.167,"y":0.167},"t":10,"s":[{"i":[[21,14],[-9,9],[-12,-10],[3.438,-8.313]],"o":[[-16.813,-11.188],[10,-7],[3.25,2.688],[-5,12]],"v":[[-18.188,8.375],[-14.394,-22.5],[15.813,-18.5],[25.553,11.5]],"c":true}]},{"i":{"x":0.833,"y":0.833},"o":{"x":0.167,"y":0.167},"t":11,"s":[{"i":[[21,14],[-9,9],[-12,-10],[3.438,-8.313]],"o":[[-16.813,-11.188],[10,-7],[3.25,2.688],[-5,12]],"v":[[-18.188,8.706],[-14.701,-22.5],[15.813,-18.565],[25.277,11.5]],"c":true}]},{"i":{"x":0.833,"y":0.833},"o":{"x":0.167,"y":0.167},"t":12,"s":[{"i":[[21,14],[-9,9],[-12,-10],[3.438,-8.313]],"o":[[-16.813,-11.188],[10,-7],[3.25,2.688],[-5,12]],"v":[[-18.188,9.013],[-14.952,-22.5],[15.813,-18.737],[24.939,11.5]],"c":true}]},{"i":{"x":0.833,"y":0.833},"o":{"x":0.167,"y":0.167},"t":13,"s":[{"i":[[21,14],[-9,9],[-12,-10],[3.438,-8.313]],"o":[[-16.813,-11.188],[10,-7],[3.25,2.688],[-5,12]],"v":[[-18.188,9.264],[-15.123,-22.5],[15.813,-18.987],[24.575,11.5]],"c":true}]},{"i":{"x":0.833,"y":0.833},"o":{"x":0.167,"y":0.167},"t":14,"s":[{"i":[[21,14],[-9,9],[-12,-10],[3.438,-8.313]],"o":[[-16.813,-11.188],[10,-7],[3.25,2.688],[-5,12]],"v":[[-18.188,9.436],[-15.188,-22.5],[15.813,-19.296],[24.21,11.5]],"c":true}]},{"i":{"x":0.833,"y":0.833},"o":{"x":0.167,"y":0.167},"t":15,"s":[{"i":[[21,14],[-9,9],[-12,-10],[3.438,-8.313]],"o":[[-16.813,-11.188],[10,-7],[3.25,2.688],[-5,12]],"v":[[-18.188,9.5],[-15.122,-22.5],[15.813,-19.627],[23.87,11.5]],"c":true}]},{"i":{"x":0.833,"y":0.833},"o":{"x":0.167,"y":0.167},"t":16,"s":[{"i":[[21,14],[-9,9],[-12,-10],[3.438,-8.313]],"o":[[-16.813,-11.188],[10,-7],[3.25,2.688],[-5,12]],"v":[[-18.188,9.435],[-14.95,-22.5],[15.813,-19.958],[23.596,11.5]],"c":true}]},{"i":{"x":0.833,"y":0.833},"o":{"x":0.167,"y":0.167},"t":17,"s":[{"i":[[21,14],[-9,9],[-12,-10],[3.438,-8.313]],"o":[[-16.813,-11.188],[10,-7],[3.25,2.688],[-5,12]],"v":[[-18.188,9.263],[-14.701,-22.5],[15.813,-20.266],[23.407,11.5]],"c":true}]},{"i":{"x":0.833,"y":0.833},"o":{"x":0.167,"y":0.167},"t":18,"s":[{"i":[[21,14],[-9,9],[-12,-10],[3.438,-8.313]],"o":[[-16.813,-11.188],[10,-7],[3.25,2.688],[-5,12]],"v":[[-18.188,9.013],[-14.392,-22.5],[15.813,-20.516],[23.335,11.5]],"c":true}]},{"i":{"x":0.833,"y":0.833},"o":{"x":0.167,"y":0.167},"t":19,"s":[{"i":[[21,14],[-9,9],[-12,-10],[3.438,-8.313]],"o":[[-16.813,-11.188],[10,-7],[3.25,2.688],[-5,12]],"v":[[-18.188,8.704],[-14.06,-22.5],[15.813,-20.688],[23.407,11.5]],"c":true}]},{"t":20,"s":[{"i":[[21,14],[-9,9],[-12,-10],[3.438,-8.313]],"o":[[-16.813,-11.188],[10,-7],[3.25,2.688],[-5,12]],"v":[[-18.188,8.373],[-13.729,-22.5],[15.813,-20.752],[23.596,11.5]],"c":true}]}],"ix":2},"nm":"Path 1","mn":"ADBE Vector Shape - Group","hd":false},{"ty":"fl","c":{"a":0,"k":[1,1,1,1],"ix":4},"o":{"a":0,"k":100,"ix":5},"r":1,"bm":0,"nm":"Fill 1","mn":"ADBE Vector Graphic - Fill","hd":false},{"ty":"tr","p":{"a":0,"k":[0,0],"ix":2},"a":{"a":0,"k":[0,0],"ix":1},"s":{"a":0,"k":[100,100],"ix":3},"r":{"a":0,"k":0,"ix":6},"o":{"a":0,"k":100,"ix":7},"sk":{"a":0,"k":0,"ix":4},"sa":{"a":0,"k":0,"ix":5},"nm":"Transform"}],"nm":"Group 42","np":2,"cix":2,"bm":0,"ix":1,"mn":"ADBE Vector Group","hd":false}],"ip":0,"op":21,"st":0,"bm":0}]}],"layers":[{"ddd":0,"ind":1,"ty":0,"nm":"base1","refId":"comp_0","sr":1,"ks":{"o":{"a":0,"k":100,"ix":11},"r":{"a":0,"k":0,"ix":10},"p":{"a":0,"k":[63,55,0],"ix":2},"a":{"a":0,"k":[125,90,0],"ix":1},"s":{"a":0,"k":[100,100,100],"ix":6}},"ao":0,"tm":{"a":1,"k":[{"i":{"x":[0.833],"y":[0.833]},"o":{"x":[0.167],"y":[0.167]},"t":0,"s":[0]},{"t":119,"s":[0.667]}],"ix":2},"w":250,"h":180,"ip":0,"op":321,"st":0,"bm":0}],"markers":[]}