{"v":"5.6.10","fr":30,"ip":0,"op":131,"w":500,"h":500,"nm":"logo","ddd":0,"assets":[],"layers":[{"ddd":0,"ind":1,"ty":4,"nm":"Shape Layer 1","sr":1,"ks":{"o":{"a":0,"k":100,"ix":11},"r":{"a":0,"k":0,"ix":10},"p":{"a":0,"k":[21.6,168.4,0],"ix":2},"a":{"a":0,"k":[-1142,-408,0],"ix":1},"s":{"a":0,"k":[20,20,100],"ix":6}},"ao":0,"shapes":[{"ty":"gr","it":[{"ind":0,"ty":"sh","ix":1,"ks":{"a":0,"k":{"i":[[-250,0],[0,-332],[285,0],[0,348],[0,-427],[206,23],[-362,0],[0,-326],[386,0],[124,0],[0,121],[0,0],[0,152],[-138,0]],"o":[[250.999,0],[0,359],[-266,0],[193,-13],[0,362],[-16,-233],[312.001,0],[0,264],[-216,0],[-184,0],[0,-72],[0,0],[0,-167],[220,0]],"v":[[582.001,-1132],[1131,-577],[561,0],[2,-564],[564,14],[0,563],[566,-3],[1132,579],[536,1132],[-830,1134],[-1132,866],[-1132,98],[-1132,-851],[-852,-1132]],"c":true},"ix":2},"nm":"Path 1","mn":"ADBE Vector Shape - Group","hd":false},{"ty":"st","c":{"a":0,"k":[0.101960784314,0.576470588235,0.435294117647,1],"ix":3},"o":{"a":0,"k":100,"ix":4},"w":{"a":0,"k":224,"ix":5},"lc":2,"lj":2,"bm":0,"nm":"Stroke 1","mn":"ADBE Vector Graphic - Stroke","hd":false},{"ty":"tr","p":{"a":0,"k":[0,0],"ix":2},"a":{"a":0,"k":[0,0],"ix":1},"s":{"a":0,"k":[100,100],"ix":3},"r":{"a":0,"k":0,"ix":6},"o":{"a":0,"k":100,"ix":7},"sk":{"a":0,"k":0,"ix":4},"sa":{"a":0,"k":0,"ix":5},"nm":"Transform"}],"nm":"Shape 1","np":2,"cix":2,"bm":0,"ix":1,"mn":"ADBE Vector Group","hd":false},{"ty":"tm","s":{"a":1,"k":[{"i":{"x":[0.2],"y":[1]},"o":{"x":[0.4],"y":[0]},"t":0,"s":[49.9]},{"i":{"x":[0.668],"y":[1]},"o":{"x":[0.321],"y":[0]},"t":62,"s":[0]},{"i":{"x":[0.6],"y":[1]},"o":{"x":[0.8],"y":[0]},"t":68,"s":[0]},{"t":130,"s":[49.9]}],"ix":1},"e":{"a":1,"k":[{"i":{"x":[0.2],"y":[1]},"o":{"x":[0.4],"y":[0]},"t":0,"s":[50.1]},{"i":{"x":[0.668],"y":[1]},"o":{"x":[0.321],"y":[0]},"t":62,"s":[100]},{"i":{"x":[0.6],"y":[1]},"o":{"x":[0.8],"y":[0]},"t":68,"s":[100]},{"t":130,"s":[50.1]}],"ix":2},"o":{"a":0,"k":101.5,"ix":3},"m":1,"ix":2,"nm":"Trim Paths 1","mn":"ADBE Vector Filter - Trim","hd":false}],"ip":0,"op":321,"st":0,"bm":0}],"markers":[]}