{"v":"5.6.10","fr":30,"ip":0,"op":165,"w":120,"h":180,"nm":"plant2","ddd":0,"assets":[{"id":"comp_0","layers":[{"ddd":0,"ind":1,"ty":4,"nm":"Group 8","parent":3,"sr":1,"ks":{"o":{"a":0,"k":100,"ix":11},"r":{"a":1,"k":[{"i":{"x":[0.667],"y":[1]},"o":{"x":[0.333],"y":[0]},"t":-24,"s":[0]},{"i":{"x":[0.667],"y":[1]},"o":{"x":[0.333],"y":[0]},"t":-14,"s":[-8.3]},{"i":{"x":[0.667],"y":[1]},"o":{"x":[0.333],"y":[0]},"t":-4,"s":[0]},{"i":{"x":[0.667],"y":[1]},"o":{"x":[0.333],"y":[0]},"t":6,"s":[-8.3]},{"i":{"x":[0.667],"y":[1]},"o":{"x":[0.333],"y":[0]},"t":16,"s":[0]},{"t":26,"s":[-8.3]}],"ix":10},"p":{"a":0,"k":[1.024,2.215,0],"ix":2},"a":{"a":0,"k":[1.024,2.215,0],"ix":1},"s":{"a":0,"k":[100,100,100],"ix":6}},"ao":0,"shapes":[{"ty":"gr","it":[{"ind":0,"ty":"sh","ix":1,"ks":{"a":0,"k":{"i":[[-0.1,-0.443],[0.036,0.462],[0.202,1.224],[0.496,1.76],[0.911,2.061],[2.806,3],[0.549,0.45],[0.243,0.16],[0,0],[0.401,0.215],[-1.182,-1.196],[-1.547,-3.759],[-0.614,-2.149],[-0.299,-1.529],[-0.097,-0.883]],"o":[[0.036,-0.463],[-0.076,-1.239],[-0.296,-1.804],[-0.587,-2.176],[-1.563,-3.799],[-0.492,-0.512],[-0.243,-0.201],[0,0],[-0.362,-0.275],[1.322,1.039],[2.716,3.024],[0.894,2.048],[0.591,1.98],[0.299,1.529],[0.025,0.454]],"v":[[0.997,2.215],[0.997,0.826],[0.58,-2.871],[-0.608,-8.221],[-2.86,-14.585],[-9.467,-24.869],[-11.031,-26.314],[-11.726,-26.87],[-12.33,-27.287],[-13.477,-28.023],[-9.718,-24.667],[-3.277,-14.419],[-1.011,-8.117],[0.267,-2.794],[0.809,0.868]],"c":true},"ix":2},"nm":"Path 1","mn":"ADBE Vector Shape - Group","hd":false},{"ty":"fl","c":{"a":0,"k":[0.149019613862,0.196078434587,0.219607844949,1],"ix":4},"o":{"a":0,"k":100,"ix":5},"r":1,"bm":0,"nm":"Fill 1","mn":"ADBE Vector Graphic - Fill","hd":false},{"ty":"tr","p":{"a":0,"k":[0,0],"ix":2},"a":{"a":0,"k":[0,0],"ix":1},"s":{"a":0,"k":[100,100],"ix":3},"r":{"a":0,"k":0,"ix":6},"o":{"a":0,"k":100,"ix":7},"sk":{"a":0,"k":0,"ix":4},"sa":{"a":0,"k":0,"ix":5},"nm":"Transform"}],"nm":"Group 8","np":2,"cix":2,"bm":0,"ix":1,"mn":"ADBE Vector Group","hd":false}],"ip":0,"op":21,"st":0,"bm":0},{"ddd":0,"ind":2,"ty":4,"nm":"Group 11","parent":1,"sr":1,"ks":{"o":{"a":0,"k":100,"ix":11},"r":{"a":1,"k":[{"i":{"x":[0.667],"y":[1]},"o":{"x":[0.333],"y":[0]},"t":-11,"s":[0]},{"i":{"x":[0.667],"y":[1]},"o":{"x":[0.333],"y":[0]},"t":-1,"s":[5.7]},{"i":{"x":[0.667],"y":[1]},"o":{"x":[0.333],"y":[0]},"t":9,"s":[0]},{"i":{"x":[0.667],"y":[1]},"o":{"x":[0.333],"y":[0]},"t":19,"s":[5.7]},{"t":29,"s":[0]}],"ix":10},"p":{"a":0,"k":[-3.461,-14.6,0],"ix":2},"a":{"a":0,"k":[-3.461,-14.6,0],"ix":1},"s":{"a":0,"k":[100,100,100],"ix":6}},"ao":0,"shapes":[{"ty":"gr","it":[{"ind":0,"ty":"sh","ix":1,"ks":{"a":0,"k":{"i":[[0,0],[-0.214,1.263],[0.4,1.217],[1.98,1.649],[2.818,1.002],[1.187,-0.058],[0.505,-0.305],[0.304,-0.505],[-0.841,-1.529],[-1.882,-2.437],[-2.314,-0.883],[-1.223,1.598]],"o":[[0.779,-1.017],[0.214,-1.263],[-0.828,-2.44],[-2.229,-1.994],[-1.102,-0.443],[-0.589,0.034],[-0.505,0.305],[-0.806,1.542],[1.476,2.702],[1.515,1.945],[2.314,0.882],[0,0]],"v":[[-3.277,-14.446],[-1.765,-17.918],[-2.047,-21.693],[-6.341,-27.947],[-13.984,-32.484],[-17.458,-33.068],[-19.124,-32.551],[-20.356,-31.317],[-19.55,-26.377],[-14.505,-18.657],[-8.947,-13.904],[-3.027,-14.724]],"c":false},"ix":2},"nm":"Path 1","mn":"ADBE Vector Shape - Group","hd":false},{"ty":"fl","c":{"a":0,"k":[0.101960785687,0.57647061348,0.435294121504,1],"ix":4},"o":{"a":0,"k":100,"ix":5},"r":1,"bm":0,"nm":"Fill 1","mn":"ADBE Vector Graphic - Fill","hd":false},{"ty":"tr","p":{"a":0,"k":[0,0],"ix":2},"a":{"a":0,"k":[0,0],"ix":1},"s":{"a":0,"k":[100,100],"ix":3},"r":{"a":0,"k":0,"ix":6},"o":{"a":0,"k":100,"ix":7},"sk":{"a":0,"k":0,"ix":4},"sa":{"a":0,"k":0,"ix":5},"nm":"Transform"}],"nm":"Group 11","np":2,"cix":2,"bm":0,"ix":1,"mn":"ADBE Vector Group","hd":false}],"ip":0,"op":21,"st":0,"bm":0},{"ddd":0,"ind":3,"ty":4,"nm":"Group 9","sr":1,"ks":{"o":{"a":0,"k":100,"ix":11},"r":{"a":1,"k":[{"i":{"x":[0.667],"y":[1]},"o":{"x":[0.333],"y":[0]},"t":-7,"s":[2.7]},{"i":{"x":[0.667],"y":[1]},"o":{"x":[0.333],"y":[0]},"t":3,"s":[-8.4]},{"i":{"x":[0.667],"y":[1]},"o":{"x":[0.333],"y":[0]},"t":13,"s":[2.7]},{"i":{"x":[0.667],"y":[1]},"o":{"x":[0.333],"y":[0]},"t":23,"s":[-8.4]},{"t":33,"s":[2.7]}],"ix":10},"p":{"a":0,"k":[126.734,169.889,0],"ix":2},"a":{"a":0,"k":[0.781,13.013,0],"ix":1},"s":{"a":0,"k":[222,222,100],"ix":6}},"ao":0,"shapes":[{"ty":"gr","it":[{"ind":0,"ty":"sh","ix":1,"ks":{"a":0,"k":{"i":[[-0.032,-0.148],[0.016,0.15],[0,0.528],[-0.063,2.015],[-0.674,6.135],[-0.903,4.35],[-0.188,0.778],[-0.139,0.549],[-0.076,0.334],[-0.009,0.151],[0.034,-0.148],[0.153,-0.507],[0.195,-0.778],[0.215,-0.987],[0.562,-5.254],[0,-4.079],[-0.07,-1.133],[-0.021,-0.34]],"o":[[0.016,-0.15],[0,-0.347],[0,-1.133],[0.097,-4.044],[0.639,-5.774],[0.188,-0.994],[0.188,-0.778],[0.139,-0.549],[0.046,-0.144],[-0.073,0.133],[-0.104,0.327],[-0.153,0.507],[-0.195,0.778],[-1.114,5.165],[-0.653,6.177],[0,2.022],[0,0.528],[-0.008,0.151]],"v":[[0.969,13.013],[0.969,12.561],[0.969,11.255],[1.031,6.461],[2.15,-8.075],[4.547,-24.931],[5.117,-27.599],[5.583,-29.607],[5.888,-30.879],[5.972,-31.324],[5.812,-30.9],[5.43,-29.649],[4.895,-27.655],[4.262,-24.994],[1.747,-9.353],[0.781,6.461],[0.851,11.262],[0.934,12.561]],"c":true},"ix":2},"nm":"Path 1","mn":"ADBE Vector Shape - Group","hd":false},{"ty":"fl","c":{"a":0,"k":[0.149019613862,0.196078434587,0.219607844949,1],"ix":4},"o":{"a":0,"k":100,"ix":5},"r":1,"bm":0,"nm":"Fill 1","mn":"ADBE Vector Graphic - Fill","hd":false},{"ty":"tr","p":{"a":0,"k":[0,0],"ix":2},"a":{"a":0,"k":[0,0],"ix":1},"s":{"a":0,"k":[100,100],"ix":3},"r":{"a":0,"k":0,"ix":6},"o":{"a":0,"k":100,"ix":7},"sk":{"a":0,"k":0,"ix":4},"sa":{"a":0,"k":0,"ix":5},"nm":"Transform"}],"nm":"Group 9","np":2,"cix":2,"bm":0,"ix":1,"mn":"ADBE Vector Group","hd":false}],"ip":0,"op":21,"st":0,"bm":0},{"ddd":0,"ind":4,"ty":4,"nm":"Group 12","parent":3,"sr":1,"ks":{"o":{"a":0,"k":100,"ix":11},"r":{"a":1,"k":[{"i":{"x":[0.667],"y":[1]},"o":{"x":[0.333],"y":[0]},"t":-20,"s":[0]},{"i":{"x":[0.667],"y":[1]},"o":{"x":[0.333],"y":[0]},"t":-10,"s":[-5.3]},{"i":{"x":[0.667],"y":[1]},"o":{"x":[0.333],"y":[0]},"t":0,"s":[0]},{"i":{"x":[0.667],"y":[1]},"o":{"x":[0.333],"y":[0]},"t":10,"s":[-5.3]},{"i":{"x":[0.667],"y":[1]},"o":{"x":[0.333],"y":[0]},"t":20,"s":[0]},{"t":30,"s":[-5.3]}],"ix":10},"p":{"a":0,"k":[3.202,-16.714,0],"ix":2},"a":{"a":0,"k":[3.202,-16.714,0],"ix":1},"s":{"a":0,"k":[100,100,100],"ix":6}},"ao":0,"shapes":[{"ty":"gr","it":[{"ind":0,"ty":"sh","ix":1,"ks":{"a":0,"k":{"i":[[-1.188,-1.737],[-1.362,1.32],[-0.521,1.827],[0.889,4.245],[0.855,0.986],[0.617,0.206],[0.638,-0.13],[0.667,-1.383],[0.02,-4.531]],"o":[[1.515,2.161],[1.362,-1.32],[1.202,-4.169],[-0.217,-1.287],[-0.432,-0.487],[-0.617,-0.206],[-1.48,0.396],[-1.965,4.083],[0,2.085]],"v":[[0.885,-17.552],[6.708,-17.427],[9.175,-22.486],[10.696,-35.277],[9.057,-38.751],[7.456,-39.809],[5.541,-39.926],[2.47,-36.695],[-0.546,-23.611]],"c":true},"ix":2},"nm":"Path 1","mn":"ADBE Vector Shape - Group","hd":false},{"ty":"fl","c":{"a":0,"k":[0.101960785687,0.57647061348,0.435294121504,1],"ix":4},"o":{"a":0,"k":100,"ix":5},"r":1,"bm":0,"nm":"Fill 1","mn":"ADBE Vector Graphic - Fill","hd":false},{"ty":"tr","p":{"a":0,"k":[0,0],"ix":2},"a":{"a":0,"k":[0,0],"ix":1},"s":{"a":0,"k":[100,100],"ix":3},"r":{"a":0,"k":0,"ix":6},"o":{"a":0,"k":100,"ix":7},"sk":{"a":0,"k":0,"ix":4},"sa":{"a":0,"k":0,"ix":5},"nm":"Transform"}],"nm":"Group 12","np":2,"cix":2,"bm":0,"ix":1,"mn":"ADBE Vector Group","hd":false}],"ip":0,"op":21,"st":0,"bm":0},{"ddd":0,"ind":5,"ty":4,"nm":"Group 10","parent":3,"sr":1,"ks":{"o":{"a":0,"k":100,"ix":11},"r":{"a":1,"k":[{"i":{"x":[0.667],"y":[1]},"o":{"x":[0.333],"y":[0]},"t":-24,"s":[0]},{"i":{"x":[0.667],"y":[1]},"o":{"x":[0.333],"y":[0]},"t":-14,"s":[5.4]},{"i":{"x":[0.667],"y":[1]},"o":{"x":[0.333],"y":[0]},"t":-4,"s":[0]},{"i":{"x":[0.667],"y":[1]},"o":{"x":[0.333],"y":[0]},"t":6,"s":[5.4]},{"i":{"x":[0.667],"y":[1]},"o":{"x":[0.333],"y":[0]},"t":16,"s":[0]},{"t":26,"s":[5.4]}],"ix":10},"p":{"a":0,"k":[0.769,15.077,0],"ix":2},"a":{"a":0,"k":[0.769,15.077,0],"ix":1},"s":{"a":0,"k":[100,100,100],"ix":6}},"ao":0,"shapes":[{"ty":"gr","it":[{"ind":0,"ty":"sh","ix":1,"ks":{"a":0,"k":{"i":[[-0.024,-0.329],[-0.01,0.331],[-0.104,1.07],[-0.266,1.3],[-0.599,1.509],[-0.983,1.272],[-1.176,0.61],[-0.878,0.122],[-0.321,0.082],[0.33,-0.033],[0.828,-0.39],[0.844,-1.071],[0.597,-1.538],[0.325,-1.612],[0.096,-1.337],[0.021,-0.618]],"o":[[0.082,-0.321],[0.069,-0.695],[0.132,-1.32],[0.354,-1.585],[0.593,-1.494],[0.796,-1.059],[0.792,-0.398],[0.331,-0.015],[-0.33,-0.033],[-0.913,0.069],[-1.235,0.578],[-1.016,1.3],[-0.599,1.532],[-0.256,1.315],[-0.083,1.139],[-0.047,0.327]],"v":[[0.781,15.077],[0.92,14.097],[1.184,11.415],[1.781,7.482],[3.213,2.834],[5.589,-1.335],[8.584,-3.871],[11.106,-4.656],[12.086,-4.802],[11.092,-4.802],[8.459,-4.107],[5.297,-1.599],[2.865,2.681],[1.476,7.406],[0.948,11.387],[0.816,14.09]],"c":true},"ix":2},"nm":"Path 1","mn":"ADBE Vector Shape - Group","hd":false},{"ty":"fl","c":{"a":0,"k":[0.149019613862,0.196078434587,0.219607844949,1],"ix":4},"o":{"a":0,"k":100,"ix":5},"r":1,"bm":0,"nm":"Fill 1","mn":"ADBE Vector Graphic - Fill","hd":false},{"ty":"tr","p":{"a":0,"k":[0,0],"ix":2},"a":{"a":0,"k":[0,0],"ix":1},"s":{"a":0,"k":[100,100],"ix":3},"r":{"a":0,"k":0,"ix":6},"o":{"a":0,"k":100,"ix":7},"sk":{"a":0,"k":0,"ix":4},"sa":{"a":0,"k":0,"ix":5},"nm":"Transform"}],"nm":"Group 10","np":2,"cix":2,"bm":0,"ix":1,"mn":"ADBE Vector Group","hd":false}],"ip":0,"op":21,"st":0,"bm":0},{"ddd":0,"ind":6,"ty":4,"nm":"Group 13","parent":5,"sr":1,"ks":{"o":{"a":0,"k":100,"ix":11},"r":{"a":1,"k":[{"i":{"x":[0.667],"y":[1]},"o":{"x":[0.333],"y":[0]},"t":-14,"s":[0]},{"i":{"x":[0.667],"y":[1]},"o":{"x":[0.333],"y":[0]},"t":-4,"s":[6.6]},{"i":{"x":[0.667],"y":[1]},"o":{"x":[0.333],"y":[0]},"t":6,"s":[0]},{"i":{"x":[0.667],"y":[1]},"o":{"x":[0.333],"y":[0]},"t":16,"s":[6.6]},{"t":26,"s":[0]}],"ix":10},"p":{"a":0,"k":[4.22,0.866,0],"ix":2},"a":{"a":0,"k":[4.22,0.866,0],"ix":1},"s":{"a":0,"k":[100,100,100],"ix":6}},"ao":0,"shapes":[{"ty":"gr","it":[{"ind":0,"ty":"sh","ix":1,"ks":{"a":0,"k":{"i":[[-0.73,0.384],[-2.742,-0.54],[-1.008,-1.105],[1.153,-0.952],[0.894,0.088],[1.709,-1.299],[1.139,-0.361],[0.55,0.244],[0.293,0.526],[-0.33,1.159],[-0.482,0.669]],"o":[[2.531,-1.186],[1.473,0.243],[1.008,1.105],[-0.745,0.501],[-2.154,0],[-0.987,0.736],[-0.587,0.135],[-0.55,-0.244],[-0.549,-1.073],[0.134,-0.814],[0.482,-0.669]],"v":[[6.562,-6.595],[14.677,-7.589],[18.7,-5.789],[18.742,-1.773],[16.206,-1.134],[9.953,-0.237],[7.173,2.09],[5.422,1.922],[4.123,0.735],[3.783,-2.739],[4.719,-4.993]],"c":true},"ix":2},"nm":"Path 1","mn":"ADBE Vector Shape - Group","hd":false},{"ty":"fl","c":{"a":0,"k":[0.101960785687,0.57647061348,0.435294121504,1],"ix":4},"o":{"a":0,"k":100,"ix":5},"r":1,"bm":0,"nm":"Fill 1","mn":"ADBE Vector Graphic - Fill","hd":false},{"ty":"tr","p":{"a":0,"k":[0,0],"ix":2},"a":{"a":0,"k":[0,0],"ix":1},"s":{"a":0,"k":[100,100],"ix":3},"r":{"a":0,"k":0,"ix":6},"o":{"a":0,"k":100,"ix":7},"sk":{"a":0,"k":0,"ix":4},"sa":{"a":0,"k":0,"ix":5},"nm":"Transform"}],"nm":"Group 13","np":2,"cix":2,"bm":0,"ix":1,"mn":"ADBE Vector Group","hd":false}],"ip":0,"op":21,"st":0,"bm":0},{"ddd":0,"ind":7,"ty":4,"nm":"pot","sr":1,"ks":{"o":{"a":0,"k":100,"ix":11},"r":{"a":0,"k":0,"ix":10},"p":{"a":0,"k":[128.053,202.521,0],"ix":2},"a":{"a":0,"k":[128.053,202.521,0],"ix":1},"s":{"a":0,"k":[100,100,100],"ix":6}},"ao":0,"shapes":[{"ty":"gr","it":[{"ty":"gr","it":[{"ind":0,"ty":"sh","ix":1,"ks":{"a":0,"k":{"i":[[0,-0.063],[6.392,0],[0,0.063],[-6.399,0]],"o":[[0,0.063],[-6.392,0],[0,-0.063],[6.399,0]],"v":[[12.996,37.311],[1.413,37.429],[-10.176,37.311],[1.413,37.193]],"c":true},"ix":2},"nm":"Path 1","mn":"ADBE Vector Shape - Group","hd":false},{"ty":"fl","c":{"a":0,"k":[0,0,0,1],"ix":4},"o":{"a":0,"k":100,"ix":5},"r":1,"bm":0,"nm":"Fill 1","mn":"ADBE Vector Graphic - Fill","hd":false},{"ty":"tr","p":{"a":0,"k":[0,0],"ix":2},"a":{"a":0,"k":[0,0],"ix":1},"s":{"a":0,"k":[100,100],"ix":3},"r":{"a":0,"k":0,"ix":6},"o":{"a":0,"k":100,"ix":7},"sk":{"a":0,"k":0,"ix":4},"sa":{"a":0,"k":0,"ix":5},"nm":"Transform"}],"nm":"Group 1","np":2,"cix":2,"bm":0,"ix":1,"mn":"ADBE Vector Group","hd":false},{"ty":"tr","p":{"a":0,"k":[128.13,223.83],"ix":2},"a":{"a":0,"k":[1.41,37.311],"ix":1},"s":{"a":0,"k":[222,222],"ix":3},"r":{"a":0,"k":0,"ix":6},"o":{"a":0,"k":100,"ix":7},"sk":{"a":0,"k":0,"ix":4},"sa":{"a":0,"k":0,"ix":5},"nm":"Transform"}],"nm":"Group 1","np":1,"cix":2,"bm":0,"ix":1,"mn":"ADBE Vector Group","hd":false},{"ty":"gr","it":[{"ty":"gr","it":[{"ind":0,"ty":"sh","ix":1,"ks":{"a":0,"k":{"i":[[0,0],[5.892,0],[0,0.07],[-5.885,0]],"o":[[0,0.07],[-5.892,0],[0,-0.07],[5.885,0]],"v":[[12.037,21.142],[1.372,21.26],[-9.287,21.142],[1.372,21.024]],"c":true},"ix":2},"nm":"Path 1","mn":"ADBE Vector Shape - Group","hd":false},{"ty":"fl","c":{"a":0,"k":[0.933333337307,0.933333337307,0.933333337307,1],"ix":4},"o":{"a":0,"k":100,"ix":5},"r":1,"bm":0,"nm":"Fill 1","mn":"ADBE Vector Graphic - Fill","hd":false},{"ty":"tr","p":{"a":0,"k":[0,0],"ix":2},"a":{"a":0,"k":[0,0],"ix":1},"s":{"a":0,"k":[100,100],"ix":3},"r":{"a":0,"k":0,"ix":6},"o":{"a":0,"k":100,"ix":7},"sk":{"a":0,"k":0,"ix":4},"sa":{"a":0,"k":0,"ix":5},"nm":"Transform"}],"nm":"Group 2","np":2,"cix":2,"bm":0,"ix":1,"mn":"ADBE Vector Group","hd":false},{"ty":"tr","p":{"a":0,"k":[128.052,187.936],"ix":2},"a":{"a":0,"k":[1.375,21.142],"ix":1},"s":{"a":0,"k":[222,222],"ix":3},"r":{"a":0,"k":0,"ix":6},"o":{"a":0,"k":100,"ix":7},"sk":{"a":0,"k":0,"ix":4},"sa":{"a":0,"k":0,"ix":5},"nm":"Transform"}],"nm":"Group 2","np":1,"cix":2,"bm":0,"ix":2,"mn":"ADBE Vector Group","hd":false},{"ty":"gr","it":[{"ty":"gr","it":[{"ind":0,"ty":"sh","ix":1,"ks":{"a":0,"k":{"i":[[-0.007,-0.007],[0.033,-0.042],[0,0],[0,0],[0,0],[0,0],[0,0],[0,0],[0,0],[0,0],[0,0],[1.098,1.327],[0,0],[0.063,-0.076],[0,0],[0,0],[0,0],[0,0],[0,0],[0,0],[0,0],[0,0],[0.257,0.424],[0,0],[0,0],[-0.063,-0.104],[0,0],[0,0],[0,0],[0,0],[0,0],[0,0],[0,0],[0,0],[0,0],[0,0],[0,0],[0,0],[0,0],[0,0],[0,0],[0,0],[0,0],[0,0],[0,0],[0,0],[0,0]],"o":[[-0.028,0.046],[0,0],[0,0],[0,0],[0,0],[0,0],[0,0],[0,0],[0,0],[0,0],[-0.987,-1.181],[0,0],[-0.049,0.07],[0,0],[0,0],[0,0],[0,0],[0,0],[0,0],[0,0],[0,0],[-0.431,-0.73],[0,0],[0,0],[0,0],[0,0],[0,0],[0,0],[0,0],[0,0],[0,0],[0,0],[0,0],[0,0],[0,0],[0,0],[0,0],[0,0],[0,0],[0,0],[0,0],[0,0],[0,0],[0,0],[0,0],[0,0],[0.09,-0.118]],"v":[[11.419,26.117],[11.328,26.249],[11.043,26.631],[9.932,28.021],[9.883,28.084],[9.834,28.021],[7.111,24.248],[7.263,24.248],[4.581,28.091],[4.498,28.209],[4.401,28.098],[1.219,24.311],[1.399,24.311],[1.225,24.526],[-1.616,28.091],[-1.714,28.209],[-1.804,28.084],[-4.486,24.283],[-4.333,24.283],[-7.641,28.091],[-7.696,28.153],[-7.745,28.077],[-8.78,26.34],[-9.044,25.874],[-9.127,25.714],[-9.016,25.86],[-8.717,26.305],[-7.634,28.014],[-7.738,28.014],[-4.479,24.206],[-4.403,24.109],[-4.326,24.214],[-1.616,27.993],[-1.797,27.993],[1.045,24.422],[1.219,24.2],[1.309,24.088],[1.399,24.2],[4.574,27.993],[4.394,27.993],[7.111,24.214],[7.187,24.102],[7.263,24.214],[9.932,28.021],[9.813,28.021],[10.974,26.631],[11.279,26.27]],"c":true},"ix":2},"nm":"Path 1","mn":"ADBE Vector Shape - Group","hd":false},{"ty":"fl","c":{"a":0,"k":[1,1,1,1],"ix":4},"o":{"a":0,"k":100,"ix":5},"r":1,"bm":0,"nm":"Fill 1","mn":"ADBE Vector Graphic - Fill","hd":false},{"ty":"tr","p":{"a":0,"k":[0,0],"ix":2},"a":{"a":0,"k":[0,0],"ix":1},"s":{"a":0,"k":[100,100],"ix":3},"r":{"a":0,"k":0,"ix":6},"o":{"a":0,"k":100,"ix":7},"sk":{"a":0,"k":0,"ix":4},"sa":{"a":0,"k":0,"ix":5},"nm":"Transform"}],"nm":"Group 3","np":2,"cix":2,"bm":0,"ix":1,"mn":"ADBE Vector Group","hd":false},{"ty":"tr","p":{"a":0,"k":[127.543,199.05],"ix":2},"a":{"a":0,"k":[1.146,26.149],"ix":1},"s":{"a":0,"k":[222,222],"ix":3},"r":{"a":0,"k":0,"ix":6},"o":{"a":0,"k":100,"ix":7},"sk":{"a":0,"k":0,"ix":4},"sa":{"a":0,"k":0,"ix":5},"nm":"Transform"}],"nm":"Group 3","np":1,"cix":2,"bm":0,"ix":3,"mn":"ADBE Vector Group","hd":false},{"ty":"gr","it":[{"ty":"gr","it":[{"ind":0,"ty":"sh","ix":1,"ks":{"a":0,"k":{"i":[[0,0],[0,0],[0,0],[0,0]],"o":[[0,0],[0,0],[0,0],[0,0]],"v":[[-8.933,40],[-10.1,37.151],[12.718,37.151],[11.356,40]],"c":true},"ix":2},"nm":"Path 1","mn":"ADBE Vector Shape - Group","hd":false},{"ty":"fl","c":{"a":0,"k":[0.066666670144,0.29411765933,0.372549027205,1],"ix":4},"o":{"a":0,"k":100,"ix":5},"r":1,"bm":0,"nm":"Fill 1","mn":"ADBE Vector Graphic - Fill","hd":false},{"ty":"tr","p":{"a":0,"k":[0,0],"ix":2},"a":{"a":0,"k":[0,0],"ix":1},"s":{"a":0,"k":[100,100],"ix":3},"r":{"a":0,"k":0,"ix":6},"o":{"a":0,"k":100,"ix":7},"sk":{"a":0,"k":0,"ix":4},"sa":{"a":0,"k":0,"ix":5},"nm":"Transform"}],"nm":"Group 4","np":2,"cix":2,"bm":0,"ix":1,"mn":"ADBE Vector Group","hd":false},{"ty":"tr","p":{"a":0,"k":[127.906,226.638],"ix":2},"a":{"a":0,"k":[1.309,38.575],"ix":1},"s":{"a":0,"k":[222,222],"ix":3},"r":{"a":0,"k":0,"ix":6},"o":{"a":0,"k":100,"ix":7},"sk":{"a":0,"k":0,"ix":4},"sa":{"a":0,"k":0,"ix":5},"nm":"Transform"}],"nm":"Group 4","np":1,"cix":2,"bm":0,"ix":4,"mn":"ADBE Vector Group","hd":false},{"ty":"gr","it":[{"ty":"gr","it":[{"ind":0,"ty":"sh","ix":1,"ks":{"a":0,"k":{"i":[[0,0],[0,0],[0,0],[0,0],[0,0]],"o":[[0,0],[0,0],[0,0],[0,0],[0,0]],"v":[[-11.288,35.532],[-11.288,37.151],[-10.1,37.151],[13.621,37.151],[13.621,35.532]],"c":true},"ix":2},"nm":"Path 1","mn":"ADBE Vector Shape - Group","hd":false},{"ty":"fl","c":{"a":0,"k":[0.952941179276,0.913725495338,0.823529422283,1],"ix":4},"o":{"a":0,"k":100,"ix":5},"r":1,"bm":0,"nm":"Fill 1","mn":"ADBE Vector Graphic - Fill","hd":false},{"ty":"tr","p":{"a":0,"k":[0,0],"ix":2},"a":{"a":0,"k":[0,0],"ix":1},"s":{"a":0,"k":[100,100],"ix":3},"r":{"a":0,"k":0,"ix":6},"o":{"a":0,"k":100,"ix":7},"sk":{"a":0,"k":0,"ix":4},"sa":{"a":0,"k":0,"ix":5},"nm":"Transform"}],"nm":"Group 5","np":2,"cix":2,"bm":0,"ix":1,"mn":"ADBE Vector Group","hd":false},{"ty":"tr","p":{"a":0,"k":[127.59,221.679],"ix":2},"a":{"a":0,"k":[1.167,36.342],"ix":1},"s":{"a":0,"k":[222,222],"ix":3},"r":{"a":0,"k":0,"ix":6},"o":{"a":0,"k":100,"ix":7},"sk":{"a":0,"k":0,"ix":4},"sa":{"a":0,"k":0,"ix":5},"nm":"Transform"}],"nm":"Group 5","np":1,"cix":2,"bm":0,"ix":5,"mn":"ADBE Vector Group","hd":false},{"ty":"gr","it":[{"ty":"gr","it":[{"ind":0,"ty":"sh","ix":1,"ks":{"a":0,"k":{"i":[[0,0],[0,0],[0,0],[0,0]],"o":[[0,0],[0,0],[0,0],[0,0]],"v":[[14.038,15.424],[-11.288,15.424],[-11.288,21.268],[14.038,21.268]],"c":true},"ix":2},"nm":"Path 1","mn":"ADBE Vector Shape - Group","hd":false},{"ty":"fl","c":{"a":0,"k":[0.066666670144,0.29411765933,0.372549027205,1],"ix":4},"o":{"a":0,"k":100,"ix":5},"r":1,"bm":0,"nm":"Fill 1","mn":"ADBE Vector Graphic - Fill","hd":false},{"ty":"tr","p":{"a":0,"k":[0,0],"ix":2},"a":{"a":0,"k":[0,0],"ix":1},"s":{"a":0,"k":[100,100],"ix":3},"r":{"a":0,"k":0,"ix":6},"o":{"a":0,"k":100,"ix":7},"sk":{"a":0,"k":0,"ix":4},"sa":{"a":0,"k":0,"ix":5},"nm":"Transform"}],"nm":"Group 6","np":2,"cix":2,"bm":0,"ix":1,"mn":"ADBE Vector Group","hd":false},{"ty":"tr","p":{"a":0,"k":[128.053,181.728],"ix":2},"a":{"a":0,"k":[1.375,18.346],"ix":1},"s":{"a":0,"k":[222,222],"ix":3},"r":{"a":0,"k":0,"ix":6},"o":{"a":0,"k":100,"ix":7},"sk":{"a":0,"k":0,"ix":4},"sa":{"a":0,"k":0,"ix":5},"nm":"Transform"}],"nm":"Group 6","np":1,"cix":2,"bm":0,"ix":6,"mn":"ADBE Vector Group","hd":false},{"ty":"gr","it":[{"ty":"gr","it":[{"ind":0,"ty":"sh","ix":1,"ks":{"a":0,"k":{"i":[[0,0],[0,0],[0,0],[0,0]],"o":[[0,0],[0,0],[0,0],[0,0]],"v":[[-9.447,21.268],[-8.363,36.095],[10.689,36.095],[11.766,21.268]],"c":true},"ix":2},"nm":"Path 1","mn":"ADBE Vector Shape - Group","hd":false},{"ty":"fl","c":{"a":0,"k":[0.066666670144,0.29411765933,0.372549027205,1],"ix":4},"o":{"a":0,"k":100,"ix":5},"r":1,"bm":0,"nm":"Fill 1","mn":"ADBE Vector Graphic - Fill","hd":false},{"ty":"tr","p":{"a":0,"k":[0,0],"ix":2},"a":{"a":0,"k":[0,0],"ix":1},"s":{"a":0,"k":[100,100],"ix":3},"r":{"a":0,"k":0,"ix":6},"o":{"a":0,"k":100,"ix":7},"sk":{"a":0,"k":0,"ix":4},"sa":{"a":0,"k":0,"ix":5},"nm":"Transform"}],"nm":"Group 7","np":2,"cix":2,"bm":0,"ix":1,"mn":"ADBE Vector Group","hd":false},{"ty":"tr","p":{"a":0,"k":[127.575,204.673],"ix":2},"a":{"a":0,"k":[1.16,28.681],"ix":1},"s":{"a":0,"k":[222,222],"ix":3},"r":{"a":0,"k":0,"ix":6},"o":{"a":0,"k":100,"ix":7},"sk":{"a":0,"k":0,"ix":4},"sa":{"a":0,"k":0,"ix":5},"nm":"Transform"}],"nm":"Group 7","np":1,"cix":2,"bm":0,"ix":7,"mn":"ADBE Vector Group","hd":false}],"ip":0,"op":21,"st":0,"bm":0},{"ddd":0,"ind":8,"ty":0,"nm":"BG3","refId":"comp_1","sr":1,"ks":{"o":{"a":0,"k":100,"ix":11},"r":{"a":0,"k":7.7,"ix":10},"p":{"a":0,"k":[126,135,0],"ix":2},"a":{"a":0,"k":[125,125,0],"ix":1},"s":{"a":0,"k":[100,100,100],"ix":6}},"ao":0,"w":250,"h":250,"ip":0,"op":21,"st":0,"bm":0}]},{"id":"comp_1","layers":[{"ddd":0,"ind":1,"ty":4,"nm":"BG 2","sr":1,"ks":{"o":{"a":0,"k":25,"ix":11},"r":{"a":0,"k":0,"ix":10},"p":{"a":0,"k":[125.297,155.778,0],"ix":2},"a":{"a":0,"k":[0.134,6.657,0],"ix":1},"s":{"a":0,"k":[222,222,100],"ix":6}},"ao":0,"shapes":[{"ty":"gr","it":[{"ind":0,"ty":"sh","ix":1,"ks":{"a":1,"k":[{"i":{"x":0.833,"y":0.833},"o":{"x":0.167,"y":0.167},"t":0,"s":[{"i":[[-17.938,17.75],[-7,-10.625],[12.25,-9.75],[7.438,5.063]],"o":[[14.375,-14.188],[4.813,11.188],[-3.313,2.625],[-10.75,-7.313]],"v":[[-8.336,-12.187],[22.495,-3.76],[12.758,26.368],[-18.397,27.653]],"c":true}]},{"i":{"x":0.833,"y":0.833},"o":{"x":0.167,"y":0.167},"t":1,"s":[{"i":[[-17.938,17.75],[-7,-10.625],[12.25,-9.75],[7.438,5.063]],"o":[[14.375,-14.188],[4.813,11.188],[-3.313,2.625],[-10.75,-7.313]],"v":[[-8.045,-12.461],[22.618,-3.514],[12.625,26.438],[-18.458,28.083]],"c":true}]},{"i":{"x":0.833,"y":0.833},"o":{"x":0.167,"y":0.167},"t":2,"s":[{"i":[[-17.938,17.75],[-7,-10.625],[12.25,-9.75],[7.438,5.063]],"o":[[14.375,-14.188],[4.813,11.188],[-3.313,2.625],[-10.75,-7.313]],"v":[[-7.938,-12.563],[22.717,-3.316],[12.759,26.367],[-18.525,28.547]],"c":true}]},{"i":{"x":0.833,"y":0.833},"o":{"x":0.167,"y":0.167},"t":3,"s":[{"i":[[-17.938,17.75],[-7,-10.625],[12.25,-9.75],[7.438,5.063]],"o":[[14.375,-14.188],[4.813,11.188],[-3.313,2.625],[-10.75,-7.313]],"v":[[-8.045,-12.461],[22.786,-3.177],[13.118,26.179],[-18.591,29.011]],"c":true}]},{"i":{"x":0.833,"y":0.833},"o":{"x":0.167,"y":0.167},"t":4,"s":[{"i":[[-17.938,17.75],[-7,-10.625],[12.25,-9.75],[7.438,5.063]],"o":[[14.375,-14.188],[4.813,11.188],[-3.313,2.625],[-10.75,-7.313]],"v":[[-8.336,-12.187],[22.813,-3.125],[13.647,25.902],[-18.653,29.444]],"c":true}]},{"i":{"x":0.833,"y":0.833},"o":{"x":0.167,"y":0.167},"t":5,"s":[{"i":[[-17.938,17.75],[-7,-10.625],[12.25,-9.75],[7.438,5.063]],"o":[[14.375,-14.188],[4.813,11.188],[-3.313,2.625],[-10.75,-7.313]],"v":[[-8.765,-11.784],[22.786,-3.177],[14.296,25.562],[-18.703,29.796]],"c":true}]},{"i":{"x":0.833,"y":0.833},"o":{"x":0.167,"y":0.167},"t":6,"s":[{"i":[[-17.938,17.75],[-7,-10.625],[12.25,-9.75],[7.438,5.063]],"o":[[14.375,-14.188],[4.813,11.188],[-3.313,2.625],[-10.75,-7.313]],"v":[[-9.287,-11.292],[22.717,-3.316],[14.992,25.198],[-18.737,30.036]],"c":true}]},{"i":{"x":0.833,"y":0.833},"o":{"x":0.167,"y":0.167},"t":7,"s":[{"i":[[-17.938,17.75],[-7,-10.625],[12.25,-9.75],[7.438,5.063]],"o":[[14.375,-14.188],[4.813,11.188],[-3.313,2.625],[-10.75,-7.313]],"v":[[-9.85,-10.762],[22.618,-3.514],[15.687,24.833],[-18.75,30.125]],"c":true}]},{"i":{"x":0.833,"y":0.833},"o":{"x":0.167,"y":0.167},"t":8,"s":[{"i":[[-17.938,17.75],[-7,-10.625],[12.25,-9.75],[7.438,5.063]],"o":[[14.375,-14.188],[4.813,11.188],[-3.313,2.625],[-10.75,-7.313]],"v":[[-10.414,-10.232],[22.495,-3.76],[16.333,24.495],[-18.737,30.035]],"c":true}]},{"i":{"x":0.833,"y":0.833},"o":{"x":0.167,"y":0.167},"t":9,"s":[{"i":[[-17.938,17.75],[-7,-10.625],[12.25,-9.75],[7.438,5.063]],"o":[[14.375,-14.188],[4.813,11.188],[-3.313,2.625],[-10.75,-7.313]],"v":[[-10.939,-9.738],[22.362,-4.025],[16.862,24.218],[-18.703,29.795]],"c":true}]},{"i":{"x":0.833,"y":0.833},"o":{"x":0.167,"y":0.167},"t":10,"s":[{"i":[[-17.938,17.75],[-7,-10.625],[12.25,-9.75],[7.438,5.063]],"o":[[14.375,-14.188],[4.813,11.188],[-3.313,2.625],[-10.75,-7.313]],"v":[[-11.367,-9.335],[22.23,-4.29],[17.222,24.03],[-18.653,29.444]],"c":true}]},{"i":{"x":0.833,"y":0.833},"o":{"x":0.167,"y":0.167},"t":11,"s":[{"i":[[-17.938,17.75],[-7,-10.625],[12.25,-9.75],[7.438,5.063]],"o":[[14.375,-14.188],[4.813,11.188],[-3.313,2.625],[-10.75,-7.313]],"v":[[-11.658,-9.061],[22.106,-4.537],[17.355,23.96],[-18.591,29.013]],"c":true}]},{"i":{"x":0.833,"y":0.833},"o":{"x":0.167,"y":0.167},"t":12,"s":[{"i":[[-17.938,17.75],[-7,-10.625],[12.25,-9.75],[7.438,5.063]],"o":[[14.375,-14.188],[4.813,11.188],[-3.313,2.625],[-10.75,-7.313]],"v":[[-11.766,-8.959],[22.007,-4.737],[17.221,24.03],[-18.525,28.55]],"c":true}]},{"i":{"x":0.833,"y":0.833},"o":{"x":0.167,"y":0.167},"t":13,"s":[{"i":[[-17.938,17.75],[-7,-10.625],[12.25,-9.75],[7.438,5.063]],"o":[[14.375,-14.188],[4.813,11.188],[-3.313,2.625],[-10.75,-7.313]],"v":[[-11.658,-9.061],[21.938,-4.875],[16.861,24.218],[-18.459,28.086]],"c":true}]},{"i":{"x":0.833,"y":0.833},"o":{"x":0.167,"y":0.167},"t":14,"s":[{"i":[[-17.938,17.75],[-7,-10.625],[12.25,-9.75],[7.438,5.063]],"o":[[14.375,-14.188],[4.813,11.188],[-3.313,2.625],[-10.75,-7.313]],"v":[[-11.367,-9.335],[21.912,-4.927],[16.332,24.495],[-18.397,27.653]],"c":true}]},{"i":{"x":0.833,"y":0.833},"o":{"x":0.167,"y":0.167},"t":15,"s":[{"i":[[-17.938,17.75],[-7,-10.625],[12.25,-9.75],[7.438,5.063]],"o":[[14.375,-14.188],[4.813,11.188],[-3.313,2.625],[-10.75,-7.313]],"v":[[-10.939,-9.738],[21.938,-4.875],[15.684,24.835],[-18.347,27.301]],"c":true}]},{"i":{"x":0.833,"y":0.833},"o":{"x":0.167,"y":0.167},"t":16,"s":[{"i":[[-17.938,17.75],[-7,-10.625],[12.25,-9.75],[7.438,5.063]],"o":[[14.375,-14.188],[4.813,11.188],[-3.313,2.625],[-10.75,-7.313]],"v":[[-10.414,-10.232],[22.007,-4.737],[14.988,25.2],[-18.312,27.061]],"c":true}]},{"i":{"x":0.833,"y":0.833},"o":{"x":0.167,"y":0.167},"t":17,"s":[{"i":[[-17.938,17.75],[-7,-10.625],[12.25,-9.75],[7.438,5.063]],"o":[[14.375,-14.188],[4.813,11.188],[-3.313,2.625],[-10.75,-7.313]],"v":[[-9.85,-10.762],[22.106,-4.537],[14.292,25.564],[-18.3,26.972]],"c":true}]},{"i":{"x":0.833,"y":0.833},"o":{"x":0.167,"y":0.167},"t":18,"s":[{"i":[[-17.938,17.75],[-7,-10.625],[12.25,-9.75],[7.438,5.063]],"o":[[14.375,-14.188],[4.813,11.188],[-3.313,2.625],[-10.75,-7.313]],"v":[[-9.287,-11.292],[22.23,-4.29],[13.647,25.902],[-18.312,27.062]],"c":true}]},{"i":{"x":0.833,"y":0.833},"o":{"x":0.167,"y":0.167},"t":19,"s":[{"i":[[-17.938,17.75],[-7,-10.625],[12.25,-9.75],[7.438,5.063]],"o":[[14.375,-14.188],[4.813,11.188],[-3.313,2.625],[-10.75,-7.313]],"v":[[-8.765,-11.784],[22.362,-4.025],[13.117,26.18],[-18.347,27.302]],"c":true}]},{"t":20,"s":[{"i":[[-17.938,17.75],[-7,-10.625],[12.25,-9.75],[7.438,5.063]],"o":[[14.375,-14.188],[4.813,11.188],[-3.313,2.625],[-10.75,-7.313]],"v":[[-8.336,-12.187],[22.495,-3.76],[12.758,26.368],[-18.397,27.653]],"c":true}]}],"ix":2},"nm":"Path 1","mn":"ADBE Vector Shape - Group","hd":false},{"ty":"fl","c":{"a":0,"k":[0.533333361149,0.831372559071,0.596078455448,1],"ix":4},"o":{"a":0,"k":100,"ix":5},"r":1,"bm":0,"nm":"Fill 1","mn":"ADBE Vector Graphic - Fill","hd":false},{"ty":"tr","p":{"a":0,"k":[0,0],"ix":2},"a":{"a":0,"k":[0,0],"ix":1},"s":{"a":0,"k":[100,100],"ix":3},"r":{"a":0,"k":0,"ix":6},"o":{"a":0,"k":100,"ix":7},"sk":{"a":0,"k":0,"ix":4},"sa":{"a":0,"k":0,"ix":5},"nm":"Transform"}],"nm":"Group 14","np":2,"cix":2,"bm":0,"ix":1,"mn":"ADBE Vector Group","hd":false}],"ip":0,"op":21,"st":0,"bm":0},{"ddd":0,"ind":2,"ty":4,"nm":"BG","sr":1,"ks":{"o":{"a":0,"k":100,"ix":11},"r":{"a":0,"k":0,"ix":10},"p":{"a":0,"k":[125.297,155.778,0],"ix":2},"a":{"a":0,"k":[0.134,6.657,0],"ix":1},"s":{"a":0,"k":[222,222,100],"ix":6}},"ao":0,"shapes":[{"ty":"gr","it":[{"ind":0,"ty":"sh","ix":1,"ks":{"a":1,"k":[{"i":{"x":0.833,"y":0.833},"o":{"x":0.167,"y":0.167},"t":0,"s":[{"i":[[-17.938,17.75],[-7,-10.625],[12.25,-9.75],[7.438,5.063]],"o":[[14.375,-14.188],[4.813,11.188],[-3.313,2.625],[-10.75,-7.313]],"v":[[-8.336,-12.187],[22.495,-3.76],[12.758,26.368],[-18.397,27.653]],"c":true}]},{"i":{"x":0.833,"y":0.833},"o":{"x":0.167,"y":0.167},"t":1,"s":[{"i":[[-17.938,17.75],[-7,-10.625],[12.25,-9.75],[7.438,5.063]],"o":[[14.375,-14.188],[4.813,11.188],[-3.313,2.625],[-10.75,-7.313]],"v":[[-8.045,-12.461],[22.618,-3.514],[12.625,26.438],[-18.458,28.083]],"c":true}]},{"i":{"x":0.833,"y":0.833},"o":{"x":0.167,"y":0.167},"t":2,"s":[{"i":[[-17.938,17.75],[-7,-10.625],[12.25,-9.75],[7.438,5.063]],"o":[[14.375,-14.188],[4.813,11.188],[-3.313,2.625],[-10.75,-7.313]],"v":[[-7.938,-12.563],[22.717,-3.316],[12.759,26.367],[-18.525,28.547]],"c":true}]},{"i":{"x":0.833,"y":0.833},"o":{"x":0.167,"y":0.167},"t":3,"s":[{"i":[[-17.938,17.75],[-7,-10.625],[12.25,-9.75],[7.438,5.063]],"o":[[14.375,-14.188],[4.813,11.188],[-3.313,2.625],[-10.75,-7.313]],"v":[[-8.045,-12.461],[22.786,-3.177],[13.118,26.179],[-18.591,29.011]],"c":true}]},{"i":{"x":0.833,"y":0.833},"o":{"x":0.167,"y":0.167},"t":4,"s":[{"i":[[-17.938,17.75],[-7,-10.625],[12.25,-9.75],[7.438,5.063]],"o":[[14.375,-14.188],[4.813,11.188],[-3.313,2.625],[-10.75,-7.313]],"v":[[-8.336,-12.187],[22.813,-3.125],[13.647,25.902],[-18.653,29.444]],"c":true}]},{"i":{"x":0.833,"y":0.833},"o":{"x":0.167,"y":0.167},"t":5,"s":[{"i":[[-17.938,17.75],[-7,-10.625],[12.25,-9.75],[7.438,5.063]],"o":[[14.375,-14.188],[4.813,11.188],[-3.313,2.625],[-10.75,-7.313]],"v":[[-8.765,-11.784],[22.786,-3.177],[14.296,25.562],[-18.703,29.796]],"c":true}]},{"i":{"x":0.833,"y":0.833},"o":{"x":0.167,"y":0.167},"t":6,"s":[{"i":[[-17.938,17.75],[-7,-10.625],[12.25,-9.75],[7.438,5.063]],"o":[[14.375,-14.188],[4.813,11.188],[-3.313,2.625],[-10.75,-7.313]],"v":[[-9.287,-11.292],[22.717,-3.316],[14.992,25.198],[-18.737,30.036]],"c":true}]},{"i":{"x":0.833,"y":0.833},"o":{"x":0.167,"y":0.167},"t":7,"s":[{"i":[[-17.938,17.75],[-7,-10.625],[12.25,-9.75],[7.438,5.063]],"o":[[14.375,-14.188],[4.813,11.188],[-3.313,2.625],[-10.75,-7.313]],"v":[[-9.85,-10.762],[22.618,-3.514],[15.687,24.833],[-18.75,30.125]],"c":true}]},{"i":{"x":0.833,"y":0.833},"o":{"x":0.167,"y":0.167},"t":8,"s":[{"i":[[-17.938,17.75],[-7,-10.625],[12.25,-9.75],[7.438,5.063]],"o":[[14.375,-14.188],[4.813,11.188],[-3.313,2.625],[-10.75,-7.313]],"v":[[-10.414,-10.232],[22.495,-3.76],[16.333,24.495],[-18.737,30.035]],"c":true}]},{"i":{"x":0.833,"y":0.833},"o":{"x":0.167,"y":0.167},"t":9,"s":[{"i":[[-17.938,17.75],[-7,-10.625],[12.25,-9.75],[7.438,5.063]],"o":[[14.375,-14.188],[4.813,11.188],[-3.313,2.625],[-10.75,-7.313]],"v":[[-10.939,-9.738],[22.362,-4.025],[16.862,24.218],[-18.703,29.795]],"c":true}]},{"i":{"x":0.833,"y":0.833},"o":{"x":0.167,"y":0.167},"t":10,"s":[{"i":[[-17.938,17.75],[-7,-10.625],[12.25,-9.75],[7.438,5.063]],"o":[[14.375,-14.188],[4.813,11.188],[-3.313,2.625],[-10.75,-7.313]],"v":[[-11.367,-9.335],[22.23,-4.29],[17.222,24.03],[-18.653,29.444]],"c":true}]},{"i":{"x":0.833,"y":0.833},"o":{"x":0.167,"y":0.167},"t":11,"s":[{"i":[[-17.938,17.75],[-7,-10.625],[12.25,-9.75],[7.438,5.063]],"o":[[14.375,-14.188],[4.813,11.188],[-3.313,2.625],[-10.75,-7.313]],"v":[[-11.658,-9.061],[22.106,-4.537],[17.355,23.96],[-18.591,29.013]],"c":true}]},{"i":{"x":0.833,"y":0.833},"o":{"x":0.167,"y":0.167},"t":12,"s":[{"i":[[-17.938,17.75],[-7,-10.625],[12.25,-9.75],[7.438,5.063]],"o":[[14.375,-14.188],[4.813,11.188],[-3.313,2.625],[-10.75,-7.313]],"v":[[-11.766,-8.959],[22.007,-4.737],[17.221,24.03],[-18.525,28.55]],"c":true}]},{"i":{"x":0.833,"y":0.833},"o":{"x":0.167,"y":0.167},"t":13,"s":[{"i":[[-17.938,17.75],[-7,-10.625],[12.25,-9.75],[7.438,5.063]],"o":[[14.375,-14.188],[4.813,11.188],[-3.313,2.625],[-10.75,-7.313]],"v":[[-11.658,-9.061],[21.938,-4.875],[16.861,24.218],[-18.459,28.086]],"c":true}]},{"i":{"x":0.833,"y":0.833},"o":{"x":0.167,"y":0.167},"t":14,"s":[{"i":[[-17.938,17.75],[-7,-10.625],[12.25,-9.75],[7.438,5.063]],"o":[[14.375,-14.188],[4.813,11.188],[-3.313,2.625],[-10.75,-7.313]],"v":[[-11.367,-9.335],[21.912,-4.927],[16.332,24.495],[-18.397,27.653]],"c":true}]},{"i":{"x":0.833,"y":0.833},"o":{"x":0.167,"y":0.167},"t":15,"s":[{"i":[[-17.938,17.75],[-7,-10.625],[12.25,-9.75],[7.438,5.063]],"o":[[14.375,-14.188],[4.813,11.188],[-3.313,2.625],[-10.75,-7.313]],"v":[[-10.939,-9.738],[21.938,-4.875],[15.684,24.835],[-18.347,27.301]],"c":true}]},{"i":{"x":0.833,"y":0.833},"o":{"x":0.167,"y":0.167},"t":16,"s":[{"i":[[-17.938,17.75],[-7,-10.625],[12.25,-9.75],[7.438,5.063]],"o":[[14.375,-14.188],[4.813,11.188],[-3.313,2.625],[-10.75,-7.313]],"v":[[-10.414,-10.232],[22.007,-4.737],[14.988,25.2],[-18.312,27.061]],"c":true}]},{"i":{"x":0.833,"y":0.833},"o":{"x":0.167,"y":0.167},"t":17,"s":[{"i":[[-17.938,17.75],[-7,-10.625],[12.25,-9.75],[7.438,5.063]],"o":[[14.375,-14.188],[4.813,11.188],[-3.313,2.625],[-10.75,-7.313]],"v":[[-9.85,-10.762],[22.106,-4.537],[14.292,25.564],[-18.3,26.972]],"c":true}]},{"i":{"x":0.833,"y":0.833},"o":{"x":0.167,"y":0.167},"t":18,"s":[{"i":[[-17.938,17.75],[-7,-10.625],[12.25,-9.75],[7.438,5.063]],"o":[[14.375,-14.188],[4.813,11.188],[-3.313,2.625],[-10.75,-7.313]],"v":[[-9.287,-11.292],[22.23,-4.29],[13.647,25.902],[-18.312,27.062]],"c":true}]},{"i":{"x":0.833,"y":0.833},"o":{"x":0.167,"y":0.167},"t":19,"s":[{"i":[[-17.938,17.75],[-7,-10.625],[12.25,-9.75],[7.438,5.063]],"o":[[14.375,-14.188],[4.813,11.188],[-3.313,2.625],[-10.75,-7.313]],"v":[[-8.765,-11.784],[22.362,-4.025],[13.117,26.18],[-18.347,27.302]],"c":true}]},{"t":20,"s":[{"i":[[-17.938,17.75],[-7,-10.625],[12.25,-9.75],[7.438,5.063]],"o":[[14.375,-14.188],[4.813,11.188],[-3.313,2.625],[-10.75,-7.313]],"v":[[-8.336,-12.187],[22.495,-3.76],[12.758,26.368],[-18.397,27.653]],"c":true}]}],"ix":2},"nm":"Path 1","mn":"ADBE Vector Shape - Group","hd":false},{"ty":"fl","c":{"a":0,"k":[1,1,1,1],"ix":4},"o":{"a":0,"k":100,"ix":5},"r":1,"bm":0,"nm":"Fill 1","mn":"ADBE Vector Graphic - Fill","hd":false},{"ty":"tr","p":{"a":0,"k":[0,0],"ix":2},"a":{"a":0,"k":[0,0],"ix":1},"s":{"a":0,"k":[100,100],"ix":3},"r":{"a":0,"k":0,"ix":6},"o":{"a":0,"k":100,"ix":7},"sk":{"a":0,"k":0,"ix":4},"sa":{"a":0,"k":0,"ix":5},"nm":"Transform"}],"nm":"Group 14","np":2,"cix":2,"bm":0,"ix":1,"mn":"ADBE Vector Group","hd":false}],"ip":0,"op":21,"st":0,"bm":0}]}],"layers":[{"ddd":0,"ind":1,"ty":0,"nm":"base2","refId":"comp_0","sr":1,"ks":{"o":{"a":0,"k":100,"ix":11},"r":{"a":0,"k":0,"ix":10},"p":{"a":0,"k":[65.5,75.5,0],"ix":2},"a":{"a":0,"k":[125,125,0],"ix":1},"s":{"a":0,"k":[100,100,100],"ix":6}},"ao":0,"tm":{"a":1,"k":[{"i":{"x":[0.833],"y":[0.833]},"o":{"x":[0.167],"y":[0.167]},"t":0,"s":[0]},{"t":164,"s":[0.667]}],"ix":2},"w":250,"h":250,"ip":0,"op":321,"st":0,"bm":0}],"markers":[]}